bg2010gj,bg2010ge,bg2020gj,bg2020ge,parea,wt_pop,wt_adult,wt_fam,wt_hh,wt_hu,wt_ownhu,wt_renthu
G11000100001001,110010001001,G11000100001021,110010001021,0.987650784,0.998464702,0.998403575,0.999047579,0.99832435,0.998338804,0.999639779,0.996901539
G11000100001001,110010001001,G11000100004002,110010004002,0.012349216,0.001535298,0.001596425,0.000952421,0.00167565,0.001661196,0.000360221,0.003098461
G11000100001002,110010001002,G11000100001011,110010001011,1,1,1,1,1,1,1,1
G11000100001003,110010001003,G11000100001022,110010001022,1,1,1,1,1,1,1,1
G11000100001004,110010001004,G11000100001023,110010001023,0.997671694,1,1,1,1,1,1,1
G11000100001004,110010001004,G11000100056012,110010056012,0.002328306,0,0,0,0,0,0,0
G11000100002011,110010002011,G11000100002011,110010002011,0.383874712,0,0,0,0,0,0,0
G11000100002011,110010002011,G11000100002012,110010002012,0.492260165,0.999560837,0.999559261,0.999529708,0.938579891,0.938579891,0.938579891,0.938579891
G11000100002011,110010002011,G11000100002021,110010002021,0.000153631,0.000439163,0.000440739,0.000470292,0.061420109,0.061420109,0.061420109,0.061420109
G11000100002011,110010002011,G11000100002024,110010002024,0.000179544,0,0,0,0,0,0,0
G11000100002011,110010002011,G11000100008022,110010008022,0.123531949,0,0,0,0,0,0,0
G11000100002021,110010002021,G11000100002021,110010002021,1,1,1,1,1,1,1,1
G11000100002022,110010002022,G11000100002022,110010002022,1,1,1,1,1,1,1,1
G11000100002023,110010002023,G11000100002023,110010002023,1,1,1,1,1,1,1,1
G11000100002024,110010002024,G11000100001023,110010001023,6.1847E-06,0,0,0,0,0,0,0
G11000100002024,110010002024,G11000100002012,110010002012,0.091579283,0.016502139,0.014623661,0.075604653,0.030674182,0.036614605,0.04577977,0.017330913
G11000100002024,110010002024,G11000100002024,110010002024,0.908414533,0.983497861,0.985376339,0.924395347,0.969325818,0.963385396,0.95422023,0.982669087
G11000100003001,110010003001,G11000100003001,110010003001,1,1,1,1,1,1,1,1
G11000100003002,110010003002,G11000100003002,110010003002,1,1,1,1,1,1,1,1
G11000100003003,110010003003,G11000100003003,110010003003,1,1,1,1,1,1,1,1
G11000100003004,110010003004,G11000100003004,110010003004,1,1,1,1,1,1,1,1
G11000100004001,110010004001,G11000100004001,110010004001,0.998791002,1,1,1,1,1,1,1
G11000100004001,110010004001,G11000100007022,110010007022,0.001208998,0,0,0,0,0,0,0
G11000100004002,110010004002,G11000100004002,110010004002,0.998880693,1,1,1,1,1,1,1
G11000100004002,110010004002,G11000100005013,110010005013,0.001119307,0,0,0,0,0,0,0
G11000100005011,110010005011,G11000100005011,110010005011,0.99557544,1,1,1,1,1,1,1
G11000100005011,110010005011,G11000100013044,110010013044,0.00442456,0,0,0,0,0,0,0
G11000100005012,110010005012,G11000100005012,110010005012,0.119386409,0.546462885,0.5450478,0.510088021,0.546839335,0.544982158,0.316104001,0.572867406
G11000100005012,110010005012,G11000100005013,110010005013,0.880613591,0.453537116,0.4549522,0.489911979,0.453160665,0.455017842,0.683895999,0.427132594
G11000100005021,110010005021,G11000100005021,110010005021,1,1,1,1,1,1,1,1
G11000100005022,110010005022,G11000100005022,110010005022,1,1,1,1,1,1,1,1
G11000100006001,110010006001,G11000100006001,110010006001,0.995537376,1,1,1,1,1,1,1
G11000100006001,110010006001,G11000100012004,110010012004,0.004462624,0,0,0,0,0,0,0
G11000100006002,110010006002,G11000100006002,110010006002,1,1,1,1,1,1,1,1
G11000100006003,110010006003,G11000100006003,110010006003,1,1,1,1,1,1,1,1
G11000100006004,110010006004,G11000100006004,110010006004,1,1,1,1,1,1,1,1
G11000100007011,110010007011,G11000100007041,110010007041,1,1,1,1,1,1,1,1
G11000100007012,110010007012,G11000100007031,110010007031,1,1,1,1,1,1,1,1
G11000100007013,110010007013,G11000100007032,110010007032,1,1,1,1,1,1,1,1
G11000100007014,110010007014,G11000100007022,110010007022,0.035621682,0.017982808,0.016277432,0.022613232,0.013708348,0.013436113,0.030470372,0.003187503
G11000100007014,110010007014,G11000100007042,110010007042,0.964378318,0.982017192,0.983722568,0.977386768,0.986291652,0.986563887,0.969529628,0.996812497
G11000100007021,110010007021,G11000100007021,110010007021,1,1,1,1,1,1,1,1
G11000100007022,110010007022,G11000100007022,110010007022,1,1,1,1,1,1,1,1
G11000100007023,110010007023,G11000100007023,110010007023,1,1,1,1,1,1,1,1
G11000100008011,110010008011,G11000100007031,110010007031,0.069107143,0.110810811,0.104886268,0.11965812,0.110486891,0.113610799,0,0.194078947
G11000100008011,110010008011,G11000100008032,110010008032,0.494072421,0.435220612,0.438120426,0.430890228,0.435379157,0.433850136,0.489457831,0.394464371
G11000100008011,110010008011,G11000100008033,110010008033,0.436820437,0.453968577,0.456993306,0.449451653,0.454133952,0.452539065,0.510542169,0.411456682
G11000100008012,110010008012,G11000100008041,110010008041,1,1,1,1,1,1,1,1
G11000100008013,110010008013,G11000100003003,110010003003,0.006760786,0,0,0,0,0,0,0
G11000100008013,110010008013,G11000100007021,110010007021,0.006966805,0,0,0,0,0,0,0
G11000100008013,110010008013,G11000100007032,110010007032,0.005993045,0,0,0,0,0,0,0
G11000100008013,110010008013,G11000100008031,110010008031,0.096961469,0.256556986,0.289725209,0.273224044,0.320471597,0.325982742,0.310945274,0.379844961
G11000100008013,110010008013,G11000100008043,110010008043,0.883317895,0.743443014,0.710274791,0.726775956,0.679528403,0.674017258,0.689054726,0.620155039
G11000100008014,110010008014,G11000100008021,110010008021,0,0,0,0,0,0,0,0
G11000100008014,110010008014,G11000100008042,110010008042,0.95430876,0.980601358,0.97972973,0.979166667,0.96474359,0.966360856,0.945652174,0.9921875
G11000100008014,110010008014,G11000100009022,110010009022,0.04569124,0.019398642,0.02027027,0.020833333,0.03525641,0.033639144,0.054347826,0.0078125
G11000100008021,110010008021,G11000100002024,110010002024,0.000187594,0,0,0,0,0,0,0
G11000100008021,110010008021,G11000100008021,110010008021,0.999812406,1,1,1,1,1,1,1
G11000100008022,110010008022,G11000100002011,110010002011,0.002441728,0,0,0,0,0,0,0
G11000100008022,110010008022,G11000100002012,110010002012,0.000518073,0,0,0,0,0,0,0
G11000100008022,110010008022,G11000100002024,110010002024,0.000378093,0,0,0,0,0,0,0
G11000100008022,110010008022,G11000100003003,110010003003,0.032909927,0,0,0,0,0,0,0
G11000100008022,110010008022,G11000100008022,110010008022,0.963752179,1,1,1,1,1,1,1
G11000100009011,110010009011,G11000100009041,110010009041,1,1,1,1,1,1,1,1
G11000100009012,110010009012,G11000100009042,110010009042,1,1,1,1,1,1,1,1
G11000100009013,110010009013,G11000100009031,110010009031,0.3240339,0.728015951,0.769716291,0.139012307,0.11662368,0.118601659,0.108269549,0.168687824
G11000100009013,110010009013,G11000100009032,110010009032,0.665360055,0.266633855,0.226892995,0.840920804,0.861154097,0.861574552,0.871673145,0.795597891
G11000100009013,110010009013,G11000100009042,110010009042,0.010606045,0.005350195,0.003390715,0.02006689,0.022222222,0.019823789,0.020057307,0.035714286
G11000100009021,110010009021,G11000100009021,110010009021,1,1,1,1,1,1,1,1
G11000100009022,110010009022,G11000100008042,110010008042,0.006906507,0,0,0,0,0,0,0
G11000100009022,110010009022,G11000100009022,110010009022,0.993093493,1,1,1,1,1,1,1
G11000100010011,110010010011,G11000100010041,110010010041,1,1,1,1,1,1,1,1
G11000100010012,110010010012,G11000100010042,110010010042,1,1,1,1,1,1,1,1
G11000100010013,110010010013,G11000100010031,110010010031,1,1,1,1,1,1,1,1
G11000100010014,110010010014,G11000100010043,110010010043,1,1,1,1,1,1,1,1
G11000100010015,110010010015,G11000100010032,110010010032,1,1,1,1,1,1,1,1
G11000100010016,110010010016,G11000100010033,110010010033,1,1,1,1,1,1,1,1
G11000100010021,110010010021,G11000100010021,110010010021,1,1,1,1,1,1,1,1
G11000100010022,110010010022,G11000100010023,110010010023,0.300300341,0.425877555,0.425428521,0.439094414,0.432197615,0.44199579,0.411749771,0.445641224
G11000100010022,110010010022,G11000100010024,110010010024,0.699699659,0.574122445,0.574571479,0.560905586,0.567802386,0.55800421,0.588250229,0.554358776
G11000100010023,110010010023,G11000100010021,110010010021,0.070091586,0,0,0,0,0,0,0
G11000100010023,110010010023,G11000100010022,110010010022,0.929908414,1,1,1,1,1,1,1
G11000100011001,110010011001,G11000100011001,110010011001,1,1,1,1,1,1,1,1
G11000100011002,110010011002,G11000100011002,110010011002,1,1,1,1,1,1,1,1
G11000100011003,110010011003,G11000100011003,110010011003,1,1,1,1,1,1,1,1
G11000100011004,110010011004,G11000100011004,110010011004,1,1,1,1,1,1,1,1
G11000100012001,110010012001,G11000100012001,110010012001,1,1,1,1,1,1,1,1
G11000100012002,110010012002,G11000100012002,110010012002,1,1,1,1,1,1,1,1
G11000100012003,110010012003,G11000100012003,110010012003,1,1,1,1,1,1,1,1
G11000100012004,110010012004,G11000100012004,110010012004,1,1,1,1,1,1,1,1
G11000100013011,110010013011,G11000100013011,110010013011,1,1,1,1,1,1,1,1
G11000100013012,110010013012,G11000100013011,110010013011,0.002854047,0.002949853,0.003738318,0.005235602,0.003773585,0.003636364,0.004081633,0
G11000100013012,110010013012,G11000100013012,110010013012,0.997145953,0.997050148,0.996261682,0.994764398,0.996226415,0.996363636,0.995918367,1
G11000100013013,110010013013,G11000100013013,110010013013,0.434077089,0.512654503,0.523233609,0.432773109,0.501435407,0.500448431,0.185185185,0.571261682
G11000100013013,110010013013,G11000100013014,110010013014,0.565922912,0.487345497,0.476766391,0.567226891,0.498564593,0.49955157,0.814814815,0.428738318
G11000100013021,110010013021,G11000100013031,110010013031,0.11169884,0.410932776,0.414628445,0.39517543,0.419987504,0.419759911,0.41069061,0.427196043
G11000100013021,110010013021,G11000100013032,110010013032,0.076147639,0.331471795,0.334452842,0.318761406,0.338775635,0.338592051,0.331276456,0.344590277
G11000100013021,110010013021,G11000100013034,110010013034,0.812153522,0.25759543,0.250918713,0.286063164,0.241236861,0.241648038,0.258032934,0.22821368
G11000100013022,110010013022,G11000100013041,110010013041,0.241802664,0.269936969,0.262755102,0.353070175,0.240862573,0.289406509,0.286634461,0.227423168
G11000100013022,110010013022,G11000100013042,110010013042,0.041340081,0.191301759,0.19274271,0.177925834,0.19728506,0.185126334,0.213478566,0.192530372
G11000100013022,110010013022,G11000100013043,110010013043,0.094522472,0.227284315,0.2289963,0.21139247,0.234393035,0.219947335,0.253632428,0.228744021
G11000100013022,110010013022,G11000100013044,110010013044,0.622334782,0.311476957,0.315505888,0.25761152,0.327459332,0.305519821,0.246254546,0.351302439
G11000100013023,110010013023,G11000100013033,110010013033,0.945177061,1,1,1,1,1,1,1
G11000100013023,110010013023,G11000100013034,110010013034,0.0074349,0,0,0,0,0,0,0
G11000100013023,110010013023,G11000100013042,110010013042,0.011395008,0,0,0,0,0,0,0
G11000100013023,110010013023,G11000100013044,110010013044,0.035993031,0,0,0,0,0,0,0
G11000100014011,110010014011,G11000100014011,110010014011,1,1,1,1,1,1,1,1
G11000100014012,110010014012,G11000100014012,110010014012,1,1,1,1,1,1,1,1
G11000100014021,110010014021,G11000100014021,110010014021,1,1,1,1,1,1,1,1
G11000100014022,110010014022,G11000100014022,110010014022,1,1,1,1,1,1,1,1
G11000100014023,110010014023,G11000100014023,110010014023,1,1,1,1,1,1,1,1
G11000100015001,110010015001,G11000100015001,110010015001,0.999179077,1,1,1,1,1,1,1
G11000100015001,110010015001,G11000100016004,110010016004,0.000820923,0,0,0,0,0,0,0
G11000100015002,110010015002,G11000100015002,110010015002,1,1,1,1,1,1,1,1
G11000100015003,110010015003,G11000100015003,110010015003,1,1,1,1,1,1,1,1
G11000100015004,110010015004,G11000100015004,110010015004,1,1,1,1,1,1,1,1
G11000100015005,110010015005,G11000100015005,110010015005,1,1,1,1,1,1,1,1
G11000100016001,110010016001,G11000100016001,110010016001,1,1,1,1,1,1,1,1
G11000100016002,110010016002,G11000100016002,110010016002,1,1,1,1,1,1,1,1
G11000100016003,110010016003,G11000100016003,110010016003,1,1,1,1,1,1,1,1
G11000100016004,110010016004,G11000100015001,110010015001,0.00038149,0,0,0,0,0,0,0
G11000100016004,110010016004,G11000100016004,110010016004,0.99961851,1,1,1,1,1,1,1
G11000100017021,110010017021,G11000100017021,110010017021,1,1,1,1,1,1,1,1
G11000100017022,110010017022,G11000100017022,110010017022,1,1,1,1,1,1,1,1
G11000100018031,110010018031,G11000100018031,110010018031,1,1,1,1,1,1,1,1
G11000100018031,110010018031,G11000100020012,110010020012,0,0,0,0,0,0,0,0
G11000100018032,110010018032,G11000100018032,110010018032,0.605659846,0.53019024,0.5204617,0.521352313,0.516875603,0.517560074,0.064102564,0.553701773
G11000100018032,110010018032,G11000100018033,110010018033,0.394340154,0.46980976,0.4795383,0.478647687,0.483124397,0.482439926,0.935897436,0.446298227
G11000100018041,110010018041,G11000100018041,110010018041,1,1,1,1,1,1,1,1
G11000100018042,110010018042,G11000100018042,110010018042,1,1,1,1,1,1,1,1
G11000100018043,110010018043,G11000100018043,110010018043,1,1,1,1,1,1,1,1
G11000100019011,110010019011,G11000100019011,110010019011,1,1,1,1,1,1,1,1
G11000100019012,110010019012,G11000100019012,110010019012,1,1,1,1,1,1,1,1
G11000100019013,110010019013,G11000100019013,110010019013,1,1,1,1,1,1,1,1
G11000100019014,110010019014,G11000100019014,110010019014,1,1,1,1,1,1,1,1
G11000100019021,110010019021,G11000100019021,110010019021,1,1,1,1,1,1,1,1
G11000100019022,110010019022,G11000100019022,110010019022,1,1,1,1,1,1,1,1
G11000100020011,110010020011,G11000100020011,110010020011,1,1,1,1,1,1,1,1
G11000100020012,110010020012,G11000100013011,110010013011,0,0,0,0,0,0,0,0
G11000100020012,110010020012,G11000100020012,110010020012,1,1,1,1,1,1,1,1
G11000100020021,110010020021,G11000100020021,110010020021,1,1,1,1,1,1,1,1
G11000100020022,110010020022,G11000100018042,110010018042,0.002831584,0.002743496,0.002942332,0.003145452,0.00288992,0.002973882,0.003848553,0.002244011
G11000100020022,110010020022,G11000100020022,110010020022,0.997168416,0.997256504,0.997057668,0.996854548,0.99711008,0.997026118,0.996151447,0.997755989
G11000100020023,110010020023,G11000100020023,110010020023,1,1,1,1,1,1,1,1
G11000100021011,110010021011,G11000100021011,110010021011,1,1,1,1,1,1,1,1
G11000100021012,110010021012,G11000100021012,110010021012,1,1,1,1,1,1,1,1
G11000100021013,110010021013,G11000100021013,110010021013,1,1,1,1,1,1,1,1
G11000100021014,110010021014,G11000100021014,110010021014,1,1,1,1,1,1,1,1
G11000100021015,110010021015,G11000100021015,110010021015,1,1,1,1,1,1,1,1
G11000100021021,110010021021,G11000100021021,110010021021,1,1,1,1,1,1,1,1
G11000100021022,110010021022,G11000100021022,110010021022,1,1,1,1,1,1,1,1
G11000100021023,110010021023,G11000100021023,110010021023,1,1,1,1,1,1,1,1
G11000100021024,110010021024,G11000100021024,110010021024,1,1,1,1,1,1,1,1
G11000100021025,110010021025,G11000100021025,110010021025,1,1,1,1,1,1,1,1
G11000100021026,110010021026,G11000100021024,110010021024,0.002662609,0,0,0,0,0,0,0
G11000100021026,110010021026,G11000100021026,110010021026,0.997337391,1,1,1,1,1,1,1
G11000100022011,110010022011,G11000100022011,110010022011,1,1,1,1,1,1,1,1
G11000100022012,110010022012,G11000100022012,110010022012,1,1,1,1,1,1,1,1
G11000100022013,110010022013,G11000100022013,110010022013,1,1,1,1,1,1,1,1
G11000100022021,110010022021,G11000100022021,110010022021,1,1,1,1,1,1,1,1
G11000100022022,110010022022,G11000100022022,110010022022,1,1,1,1,1,1,1,1
G11000100022023,110010022023,G11000100022023,110010022023,1,1,1,1,1,1,1,1
G11000100023011,110010023011,G11000100023011,110010023011,1,1,1,1,1,1,1,1
G11000100023012,110010023012,G11000100022021,110010022021,0.021356072,0,0,0,0,0,0,0
G11000100023012,110010023012,G11000100023012,110010023012,0.978643928,1,1,1,1,1,1,1
G11000100023021,110010023021,G11000100023021,110010023021,0.10699378,0,0,0,0,0,0,0
G11000100023021,110010023021,G11000100023022,110010023022,0.205156229,0.502946955,0.475718016,0.932989691,0.423519737,0.352193261,0.960526316,0.346804511
G11000100023021,110010023021,G11000100023023,110010023023,0.686501389,0.497053045,0.524281984,0.067010309,0.576480263,0.647806739,0.039473684,0.653195489
G11000100023021,110010023021,G11000100095111,110010095111,0.001348603,0,0,0,0,0,0,0
G11000100024001,110010024001,G11000100024001,110010024001,1,1,1,1,1,1,1,1
G11000100024002,110010024002,G11000100024002,110010024002,1,1,1,1,1,1,1,1
G11000100024003,110010024003,G11000100024003,110010024003,1,1,1,1,1,1,1,1
G11000100024004,110010024004,G11000100024004,110010024004,1,1,1,1,1,1,1,1
G11000100025011,110010025011,G11000100025011,110010025011,1,1,1,1,1,1,1,1
G11000100025012,110010025012,G11000100025012,110010025012,1,1,1,1,1,1,1,1
G11000100025021,110010025021,G11000100025031,110010025031,1,1,1,1,1,1,1,1
G11000100025022,110010025022,G11000100025032,110010025032,1,1,1,1,1,1,1,1
G11000100025023,110010025023,G11000100025041,110010025041,1,1,1,1,1,1,1,1
G11000100025024,110010025024,G11000100025042,110010025042,1,1,1,1,1,1,1,1
G11000100026001,110010026001,G11000100013033,110010013033,0.00078704,0,0,0,0,0,0,0
G11000100026001,110010026001,G11000100013044,110010013044,4.34486E-05,0,0,0,0,0,0,0
G11000100026001,110010026001,G11000100026001,110010026001,0.991372354,1,1,1,1,1,1,1
G11000100026001,110010026001,G11000100027041,110010027041,0.007797157,0,0,0,0,0,0,0
G11000100026002,110010026002,G11000100013011,110010013011,0.000341558,0,0,0,0,0,0,0
G11000100026002,110010026002,G11000100013033,110010013033,0.000543284,0,0,0,0,0,0,0
G11000100026002,110010026002,G11000100026001,110010026001,0.000157407,0,0,0,0,0,0,0
G11000100026002,110010026002,G11000100026002,110010026002,0.998957751,1,1,1,1,1,1,1
G11000100027011,110010027011,G11000100027031,110010027031,1,1,1,1,1,1,1,1
G11000100027012,110010027012,G11000100027032,110010027032,1,1,1,1,1,1,1,1
G11000100027013,110010027013,G11000100027041,110010027041,1,1,1,1,1,1,1,1
G11000100027014,110010027014,G11000100027042,110010027042,1,1,1,1,1,1,1,1
G11000100027021,110010027021,G11000100027021,110010027021,1,1,1,1,1,1,1,1
G11000100027022,110010027022,G11000100027023,110010027023,0.443766948,0.453617399,0.455689829,0.436781609,0.405102041,0.364116095,0.43697479,0.375
G11000100027022,110010027022,G11000100027024,110010027024,0.556233052,0.546382601,0.544310171,0.563218391,0.594897959,0.635883905,0.56302521,0.625
G11000100027023,110010027023,G11000100005011,110010005011,0,0,0,0,0,0,0,0
G11000100027023,110010027023,G11000100027022,110010027022,0.965672664,1,1,1,1,1,1,1
G11000100027023,110010027023,G11000100039021,110010039021,0.034327336,0,0,0,0,0,0,0
G11000100028011,110010028011,G11000100028011,110010028011,1,1,1,1,1,1,1,1
G11000100028012,110010028012,G11000100028012,110010028012,1,1,1,1,1,1,1,1
G11000100028021,110010028021,G11000100028022,110010028022,0.377294913,0.377358491,0.356225296,0.387409201,0.396177237,0.39636076,0.614942529,0.357215967
G11000100028021,110010028021,G11000100028023,110010028023,0.622705087,0.622641509,0.643774704,0.612590799,0.603822763,0.603639241,0.385057471,0.642784033
G11000100028022,110010028022,G11000100028021,110010028021,1,1,1,1,1,1,1,1
G11000100029001,110010029001,G11000100029001,110010029001,1,1,1,1,1,1,1,1
G11000100029002,110010029002,G11000100029002,110010029002,1,1,1,1,1,1,1,1
G11000100030001,110010030001,G11000100030001,110010030001,1,1,1,1,1,1,1,1
G11000100030002,110010030002,G11000100030002,110010030002,1,1,1,1,1,1,1,1
G11000100031001,110010031001,G11000100025032,110010025032,0.000303123,0.000167531,0.000198167,0.000172125,0.000239509,0.000213673,0.000292395,0.000175884
G11000100031001,110010031001,G11000100031001,110010031001,0.408714455,0.457885615,0.452644526,0.463675214,0.460852329,0.442086649,0.451905626,0.471615721
G11000100031001,110010031001,G11000100031002,110010031002,0.590982422,0.541946853,0.547157307,0.536152661,0.538908163,0.557699678,0.547801979,0.528208396
G11000100032001,110010032001,G11000100024001,110010024001,0.001737524,0.000489451,0.000491416,0.00036776,0.000451146,0.000458905,0.000292996,0.000729489
G11000100032001,110010032001,G11000100032001,110010032001,0.998262477,0.999510549,0.999508584,0.99963224,0.999548854,0.999541095,0.999707004,0.999270511
G11000100032002,110010032002,G11000100032002,110010032002,1,1,1,1,1,1,1,1
G11000100032003,110010032003,G11000100032003,110010032003,1,1,1,1,1,1,1,1
G11000100032004,110010032004,G11000100023021,110010023021,0.000928815,0,0,0,0,0,0,0
G11000100032004,110010032004,G11000100032004,110010032004,0.999071185,1,1,1,1,1,1,1
G11000100033011,110010033011,G11000100033011,110010033011,1,1,1,1,1,1,1,1
G11000100033012,110010033012,G11000100033012,110010033012,1,1,1,1,1,1,1,1
G11000100033013,110010033013,G11000100033013,110010033013,1,1,1,1,1,1,1,1
G11000100033021,110010033021,G11000100033021,110010033021,1,1,1,1,1,1,1,1
G11000100033022,110010033022,G11000100033022,110010033022,1,1,1,1,1,1,1,1
G11000100034001,110010034001,G11000100034001,110010034001,1,1,1,1,1,1,1,1
G11000100034002,110010034002,G11000100023021,110010023021,0.004054147,0,0,0,0,0,0,0
G11000100034002,110010034002,G11000100032004,110010032004,0.003419917,0,0,0,0,0,0,0
G11000100034002,110010034002,G11000100034002,110010034002,0.389086068,0,0,0,0,0,0,0
G11000100034002,110010034002,G11000100034003,110010034003,0.198504202,0.384516129,0.361474845,0.811926606,0.869918699,0.76344086,0.90228013,0.837662338
G11000100034002,110010034002,G11000100034004,110010034004,0.045835755,0.231290323,0.232598208,0.188073395,0.130081301,0.23655914,0.09771987,0.162337662
G11000100034002,110010034002,G11000100034005,110010034005,0.35909991,0.384193548,0.405926947,0,0,0,0,0
G11000100035001,110010035001,G11000100035001,110010035001,1,1,1,1,1,1,1,1
G11000100035002,110010035002,G11000100035002,110010035002,0.445073161,0.640726934,0.616915423,0.988372093,0.994490358,0.992307692,0.967213115,1
G11000100035002,110010035002,G11000100035003,110010035003,0.554926839,0.359273066,0.383084577,0.011627907,0.005509642,0.007692308,0.032786885,0
G11000100036001,110010036001,G11000100036001,110010036001,1,1,1,1,1,1,1,1
G11000100036002,110010036002,G11000100036002,110010036002,1,1,1,1,1,1,1,1
G11000100036003,110010036003,G11000100036003,110010036003,1,1,1,1,1,1,1,1
G11000100037001,110010037001,G11000100037011,110010037011,1,1,1,1,1,1,1,1
G11000100037002,110010037002,G11000100037021,110010037021,0.267919888,0.398079306,0.451948052,0.183467742,0.278501629,0.280674847,0.05907173,0.330978809
G11000100037002,110010037002,G11000100037022,110010037022,0.732080112,0.601920694,0.548051948,0.816532258,0.721498371,0.719325153,0.94092827,0.669021191
G11000100037003,110010037003,G11000100037012,110010037012,1,1,1,1,1,1,1,1
G11000100038001,110010038001,G11000100038021,110010038021,0.54313915,0.425916625,0.424358274,0.443262411,0.384406165,0.408485857,0.54517134,0.318414322
G11000100038001,110010038001,G11000100038023,110010038023,0.45686085,0.574083375,0.575641726,0.556737589,0.615593835,0.591514143,0.45482866,0.681585678
G11000100038002,110010038002,G11000100038011,110010038011,0.305724914,0.500334448,0.518305815,0.384976526,0.585062241,0.603082852,0.332512315,0.768817204
G11000100038002,110010038002,G11000100038012,110010038012,0.694275086,0.499665552,0.481694185,0.615023474,0.414937759,0.396917148,0.667487685,0.231182796
G11000100038003,110010038003,G11000100038022,110010038022,1,1,1,1,1,1,1,1
G11000100039001,110010039001,G11000100039011,110010039011,1,1,1,1,1,1,1,1
G11000100039002,110010039002,G11000100005011,110010005011,0,0,0,0,0,0,0,0
G11000100039002,110010039002,G11000100039021,110010039021,1,1,1,1,1,1,1,1
G11000100039003,110010039003,G11000100039012,110010039012,1,1,1,1,1,1,1,1
G11000100039004,110010039004,G11000100039022,110010039022,1,1,1,1,1,1,1,1
G11000100040011,110010040011,G11000100040011,110010040011,1,1,1,1,1,1,1,1
G11000100040012,110010040012,G11000100040012,110010040012,1,1,1,1,1,1,1,1
G11000100040013,110010040013,G11000100005011,110010005011,0,0,0,0,0,0,0,0
G11000100040013,110010040013,G11000100040013,110010040013,0.376742342,0.630560928,0.636491228,0.613821138,0.641836735,0.65523633,0.5404814,0.73040153
G11000100040013,110010040013,G11000100040014,110010040014,0.623257658,0.369439072,0.363508772,0.386178862,0.358163265,0.34476367,0.4595186,0.26959847
G11000100040021,110010040021,G11000100040021,110010040021,1,1,1,1,1,1,1,1
G11000100040022,110010040022,G11000100040022,110010040022,1,1,1,1,1,1,1,1
G11000100040023,110010040023,G11000100040023,110010040023,1,1,1,1,1,1,1,1
G11000100041001,110010041001,G11000100041001,110010041001,1,1,1,1,1,1,1,1
G11000100041002,110010041002,G11000100005013,110010005013,0.000127656,0,0,0,0,0,0,0
G11000100041002,110010041002,G11000100041002,110010041002,0.999872344,1,1,1,1,1,1,1
G11000100041003,110010041003,G11000100001011,110010001011,0.001092101,0,0,0,0,0,0,0
G11000100041003,110010041003,G11000100001021,110010001021,0,0,0,0,0,0,0,0
G11000100041003,110010041003,G11000100041003,110010041003,0.9989079,1,1,1,1,1,1,1
G11000100042011,110010042011,G11000100042011,110010042011,1,1,1,1,1,1,1,1
G11000100042012,110010042012,G11000100042012,110010042012,0.412109034,0.426100629,0.420479303,0.389162562,0.386834987,0.379897785,0.375824176,0.394495413
G11000100042012,110010042012,G11000100042013,110010042013,0.587890966,0.573899371,0.579520697,0.610837438,0.613165014,0.620102215,0.624175824,0.605504587
G11000100042021,110010042021,G11000100042021,110010042021,1,1,1,1,1,1,1,1
G11000100042022,110010042022,G11000100042022,110010042022,1,1,1,1,1,1,1,1
G11000100043001,110010043001,G11000100043002,110010043002,0.560747968,0.457807953,0.417910448,0.593984962,0.378847672,0.37829691,0.469879518,0.356581532
G11000100043001,110010043001,G11000100043003,110010043003,0.439252032,0.542192047,0.582089552,0.406015038,0.621152328,0.62170309,0.530120482,0.643418468
G11000100043002,110010043002,G11000100043001,110010043001,0.365092882,0.45766974,0.476540938,0.388888889,0.49260355,0.494055482,0.554385965,0.447570333
G11000100043002,110010043002,G11000100043004,110010043004,0.634907118,0.54233026,0.523459062,0.611111111,0.50739645,0.505944518,0.445614035,0.552429668
G11000100044001,110010044001,G11000100044011,110010044011,0.370829705,0.461538462,0.45361991,0.507122507,0.440454818,0.439864483,0.50372737,0.359289618
G11000100044001,110010044001,G11000100044012,110010044012,0.298588469,0.354279523,0.361613876,0.310541311,0.379413525,0.381140599,0.305644302,0.474043716
G11000100044001,110010044001,G11000100044013,110010044013,0.330581826,0.184182015,0.184766214,0.182336182,0.180131658,0.178994918,0.190628328,0.166666667
G11000100044002,110010044002,G11000100044021,110010044021,0.501084638,0.490848586,0.490378647,0.492857143,0.5243309,0.523863636,0.512626263,0.535211268
G11000100044002,110010044002,G11000100044022,110010044022,0.498915362,0.509151414,0.509621353,0.507142857,0.4756691,0.476136364,0.487373737,0.464788732
G11000100046001,110010046001,G11000100046001,110010046001,1,1,1,1,1,1,1,1
G11000100046002,110010046002,G11000100046002,110010046002,1,1,1,1,1,1,1,1
G11000100047011,110010047011,G11000100047041,110010047041,1,1,1,1,1,1,1,1
G11000100047012,110010047012,G11000100047031,110010047031,0.074030629,0.224206858,0.259290055,0.190579862,0.267778469,0.270469004,0.328855402,0.245811303
G11000100047012,110010047012,G11000100047032,110010047032,0.174659995,0.326401838,0.377596279,0.276560458,0.389205462,0.39307693,0.479555813,0.356709706
G11000100047012,110010047012,G11000100047033,110010047033,0.072926857,0.003688255,0.004263493,0,0,0,0,0
G11000100047012,110010047012,G11000100047034,110010047034,0.215655381,0.050086957,0.061919505,0.031971581,0.071693449,0.072557051,0.002336449,0.096638656
G11000100047012,110010047012,G11000100047042,110010047042,0.45396622,0.395478261,0.29677134,0.5008881,0.271322621,0.263897016,0.189252336,0.300840336
G11000100047012,110010047012,G11000100048021,110010048021,0.008760919,0.000137832,0.000159329,0,0,0,0,0
G11000100047021,110010047021,G11000100047021,110010047021,0.559571013,0.38845727,0.36369156,0.40754717,0.224511931,0.213562753,0.024017467,0.422413793
G11000100047021,110010047021,G11000100047022,110010047022,0.210798223,0.392896781,0.401335762,0.40754717,0.511930586,0.528340081,0.620087336,0.405172414
G11000100047021,110010047021,G11000100047023,110010047023,0.052210817,0.000662285,0.000724613,0,0.0006472,0.00301983,0.001302879,0
G11000100047021,110010047021,G11000100047024,110010047024,0.122622951,0.206329946,0.22149761,0.18490566,0.262910284,0.25406519,0.354592318,0.172413793
G11000100047021,110010047021,G11000100047025,110010047025,0.054796997,0.011653718,0.012750455,0,0,0.001012146,0,0
G11000100048011,110010048011,G11000100046002,110010046002,0.000790618,0,0,0,0,0,0,0
G11000100048011,110010048011,G11000100048011,110010048011,0.254620078,0.319178721,0.322647363,0.246753247,0.358070501,0.341059603,0.274336283,0.418530351
G11000100048011,110010048011,G11000100048012,110010048012,0.283069741,0.275314979,0.274043433,0.305194805,0.256957328,0.253311258,0.254424779,0.258785943
G11000100048011,110010048011,G11000100048013,110010048013,0.461519562,0.4055063,0.403309204,0.448051948,0.384972171,0.405629139,0.471238938,0.322683706
G11000100048021,110010048021,G11000100048021,110010048021,1,1,1,1,1,1,1,1
G11000100048022,110010048022,G11000100048022,110010048022,1,1,1,1,1,1,1,1
G11000100049011,110010049011,G11000100049011,110010049011,1,1,1,1,1,1,1,1
G11000100049012,110010049012,G11000100049012,110010049012,0.364511347,0.369878184,0.369284877,0.38,0.279591837,0.326495727,0.314285714,0.26031746
G11000100049012,110010049012,G11000100049013,110010049013,0.635488653,0.630121816,0.630715123,0.62,0.720408163,0.673504274,0.685714286,0.73968254
G11000100049021,110010049021,G11000100049021,110010049021,1,1,1,1,1,1,1,1
G11000100049022,110010049022,G11000100049022,110010049022,0.396032059,0.366595518,0.346465817,0.393103448,0.329972502,0.333896872,0.162962963,0.428571429
G11000100049022,110010049022,G11000100049023,110010049023,0.603967942,0.633404482,0.653534183,0.606896552,0.670027498,0.666103128,0.837037037,0.571428571
G11000100050011,110010050011,G11000100050011,110010050011,1,1,1,1,1,1,1,1
G11000100050012,110010050012,G11000100050012,110010050012,0.965364856,1,1,1,1,1,1,1
G11000100050012,110010050012,G11000100050042,110010050042,0.034635144,0,0,0,0,0,0,0
G11000100050021,110010050021,G11000100050041,110010050041,1,1,1,1,1,1,1,1
G11000100050022,110010050022,G11000100050031,110010050031,0.528859588,0.418011452,0.409508374,0.431924883,0.366129032,0.36499626,0.54,0.310638298
G11000100050022,110010050022,G11000100050032,110010050032,0.471140412,0.581988548,0.590491626,0.568075117,0.633870968,0.63500374,0.46,0.689361702
G11000100050023,110010050023,G11000100050031,110010050031,0.035322316,0.026166098,0.027534418,0.00729927,0.036217304,0.034220532,0.030769231,0.042194093
G11000100050023,110010050023,G11000100050042,110010050042,0.964677684,0.973833902,0.972465582,0.99270073,0.963782696,0.965779468,0.969230769,0.957805907
G11000100050024,110010050024,G11000100050043,110010050043,1,1,1,1,1,1,1,1
G11000100052011,110010052011,G11000100052031,110010052031,0.403245444,0.534325492,0.528746929,0.5375,0.537735849,0.531704479,0.226027397,0.569252078
G11000100052011,110010052011,G11000100052033,110010052033,0.596754557,0.465674508,0.471253071,0.4625,0.462264151,0.468295521,0.773972603,0.430747922
G11000100052012,110010052012,G11000100052022,110010052022,1,1,1,1,1,1,1,1
G11000100052013,110010052013,G11000100052032,110010052032,1,1,1,1,1,1,1,1
G11000100052014,110010052014,G11000100052021,110010052021,0.332643848,0.452957747,0.480840544,0.412811388,0.505628518,0.507308684,0.582417582,0.425
G11000100052014,110010052014,G11000100052023,110010052023,0.667356152,0.547042254,0.519159456,0.587188612,0.494371482,0.492691316,0.417582418,0.575
G11000100053011,110010053011,G11000100053021,110010053021,1,1,1,1,1,1,1,1
G11000100053012,110010053012,G11000100053032,110010053032,1,1,1,1,1,1,1,1
G11000100053013,110010053013,G11000100053031,110010053031,0.507883409,0.172672673,0.174144487,0.23,0.168549906,0.16362054,0.283076923,0.118046133
G11000100053013,110010053013,G11000100053033,110010053033,0.492116591,0.827327327,0.825855513,0.77,0.831450094,0.83637946,0.716923077,0.881953867
G11000100053014,110010053014,G11000100053022,110010053022,0.41153227,0.561573179,0.565649867,0.48630137,0.577464789,0.566371681,0.374045802,0.643835616
G11000100053014,110010053014,G11000100053023,110010053023,0.58846773,0.438426821,0.434350133,0.51369863,0.422535211,0.433628319,0.625954199,0.356164384
G11000100055001,110010055001,G11000100055021,110010055021,1,1,1,1,1,1,1,1
G11000100055002,110010055002,G11000100001011,110010001011,0,0,0,0,0,0,0,0
G11000100055002,110010055002,G11000100001023,110010001023,0,0,0,0,0,0,0,0
G11000100055002,110010055002,G11000100055031,110010055031,0.295376351,0.675750577,0.676680973,0.690322581,0.647719298,0.601469757,0.684647303,0.628844115
G11000100055002,110010055002,G11000100055032,110010055032,0.704623649,0.324249423,0.323319027,0.309677419,0.352280702,0.398530243,0.315352697,0.371155886
G11000100055003,110010055003,G11000100055011,110010055011,0.55352688,0.48255814,0.482861401,0.425287356,0.505186722,0.496420048,0.467196819,0.546637744
G11000100055003,110010055003,G11000100055012,110010055012,0.44647312,0.517441861,0.517138599,0.574712644,0.494813278,0.503579952,0.532803181,0.453362256
G11000100055004,110010055004,G11000100055022,110010055022,1,1,1,1,1,1,1,1
G11000100055005,110010055005,G11000100055023,110010055023,1,1,1,1,1,1,1,1
G11000100056001,110010056001,G11000100001023,110010001023,0,0,0,0,0,0,0,0
G11000100056001,110010056001,G11000100056011,110010056011,0.255202505,0.555555556,0.553846154,0.590909091,0.556505223,0.531023368,0.551020408,0.558168317
G11000100056001,110010056001,G11000100056012,110010056012,0.744797495,0.444444444,0.446153846,0.409090909,0.443494777,0.468976632,0.448979592,0.441831683
G11000100056002,110010056002,G11000100001023,110010001023,0,0,0,0,0,0,0,0
G11000100056002,110010056002,G11000100056021,110010056021,0.163427384,0.502740409,0.503297818,0.274131274,0.473477407,0.453451043,0.369250986,0.782101167
G11000100056002,110010056002,G11000100056023,110010056023,0.798140655,0.497259591,0.496702182,0.725868726,0.526522593,0.546548957,0.630749015,0.217898833
G11000100056002,110010056002,G11000109800001,110019800001,0.038431961,0,0,0,0,0,0,0
G11000100056003,110010056003,G11000100056022,110010056022,1,1,1,1,1,1,1,1
G11000100056004,110010056004,G11000100056013,110010056013,1,1,1,1,1,1,1,1
G11000100058001,110010058001,G11000100058021,110010058021,0.165481877,0.004301075,0.003355705,0,0,0,0,0
G11000100058001,110010058001,G11000100058022,110010058022,0.203937852,0.002150538,0.002237137,0,0,0,0,0
G11000100058001,110010058001,G11000100058023,110010058023,0.118160643,0.009677419,0.008948546,0,0,0,0,0
G11000100058001,110010058001,G11000100058024,110010058024,0.074224032,0.568817204,0.573825503,0.573333333,0.607692308,0.70795569,0.375545852,0.733966746
G11000100058001,110010058001,G11000100058025,110010058025,0.438195597,0.415053763,0.41163311,0.426666667,0.392307692,0.29204431,0.624454149,0.266033254
G11000100058002,110010058002,G11000100058011,110010058011,0.319543595,0.378947368,0.383259912,0.438709677,0.430172414,0.437928408,0.690949227,0.263083451
G11000100058002,110010058002,G11000100058012,110010058012,0.680456405,0.621052632,0.616740088,0.561290323,0.569827586,0.562071592,0.309050773,0.736916549
G11000100059001,110010059001,G11000100047021,110010047021,0.000105909,0,0,0,0,0,0,0
G11000100059001,110010059001,G11000100059001,110010059001,0.037504225,0.591394263,0.606585789,0.530769231,0.724885095,0.711456103,0.986206897,0.697387518
G11000100059001,110010059001,G11000100059002,110010059002,0.962389866,0.408605737,0.393414211,0.469230769,0.275114905,0.288543897,0.013793103,0.302612482
G11000100062021,110010062021,G11000100001023,110010001023,0.007474026,0,0,0,0,0,0,0
G11000100062021,110010062021,G11000100056023,110010056023,0.0002248,0,0,0,0,0,0,0
G11000100062021,110010062021,G11000100058022,110010058022,0.000626239,0,0,0,0,0,0,0
G11000100062021,110010062021,G11000100102025,110010102025,0.000559942,0,0,0,0,0,0,0
G11000100062021,110010062021,G11000109800001,110019800001,0.991114992,1,1,1,1,1,1,1
G11000100064001,110010064001,G11000100064001,110010064001,1,1,1,1,1,1,1,1
G11000100064002,110010064002,G11000100064002,110010064002,1,1,1,1,1,1,1,1
G11000100065001,110010065001,G11000100065001,110010065001,1,1,1,1,1,1,1,1
G11000100065002,110010065002,G11000100065002,110010065002,1,1,1,1,1,1,1,1
G11000100066001,110010066001,G11000100065001,110010065001,0.007168846,0,0,0,0,0,0,0
G11000100066001,110010066001,G11000100066001,110010066001,0.556694462,0.667888947,0.670238095,0.676300578,0.670275591,0.674540682,0.666666667,0.673870334
G11000100066001,110010066001,G11000100066002,110010066002,0.436136692,0.332111053,0.329761905,0.323699422,0.329724409,0.325459318,0.333333333,0.326129666
G11000100067001,110010067001,G11000100067001,110010067001,1,1,1,1,1,1,1,1
G11000100067002,110010067002,G11000100067002,110010067002,1,1,1,1,1,1,1,1
G11000100067003,110010067003,G11000100067003,110010067003,1,1,1,1,1,1,1,1
G11000100068011,110010068011,G11000100068011,110010068011,1,1,1,1,1,1,1,1
G11000100068012,110010068012,G11000100068012,110010068012,1,1,1,1,1,1,1,1
G11000100068021,110010068021,G11000100068021,110010068021,1,1,1,1,1,1,1,1
G11000100068022,110010068022,G11000100068022,110010068022,1,1,1,1,1,1,1,1
G11000100068041,110010068041,G11000100068041,110010068041,0.999641568,1,1,1,1,1,1,1
G11000100068041,110010068041,G11000100071001,110010071001,0.000358432,0,0,0,0,0,0,0
G11000100069001,110010069001,G11000100069001,110010069001,1,1,1,1,1,1,1,1
G11000100069002,110010069002,G11000100069002,110010069002,1,1,1,1,1,1,1,1
G11000100070001,110010070001,G11000100070001,110010070001,1,1,1,1,1,1,1,1
G11000100070002,110010070002,G11000100070002,110010070002,1,1,1,1,1,1,1,1
G11000100071001,110010071001,G11000100071001,110010071001,1,1,1,1,1,1,1,1
G11000100071002,110010071002,G11000100071002,110010071002,0.505206242,0.560153994,0.498216409,0.587378641,0.507598784,0.516917293,0.246636771,0.722735675
G11000100071002,110010071002,G11000100071003,110010071003,0.494793758,0.439846006,0.501783591,0.412621359,0.492401216,0.483082707,0.753363229,0.277264325
G11000100072001,110010072001,G11000100065002,110010065002,0.007653891,0,0,0,0,0,0,0
G11000100072001,110010072001,G11000100070001,110010070001,0.017205657,0,0,0,0,0,0,0
G11000100072001,110010072001,G11000100072022,110010072022,0.237444632,0.172606925,0.178822258,0.188191882,0.182348043,0.262711864,0.098181818,0.207343413
G11000100072001,110010072001,G11000100072023,110010072023,0.208946942,0.49694501,0.510534846,0.361623616,0.498751041,0.433414044,0.003636364,0.645788337
G11000100072001,110010072001,G11000100072033,110010072033,0.093931722,0,0,0,0,0,0,0
G11000100072001,110010072001,G11000100072034,110010072034,0.434817157,0.330448065,0.310642896,0.450184502,0.318900916,0.303874092,0.898181818,0.146868251
G11000100072002,110010072002,G11000100070001,110010070001,0.003916266,0,0,0,0,0,0,0
G11000100072002,110010072002,G11000100070002,110010070002,0.006314921,0,0,0,0,0,0,0
G11000100072002,110010072002,G11000100072011,110010072011,0.148035802,0,0,0,0,0.001392758,0,0
G11000100072002,110010072002,G11000100072012,110010072012,0.12949254,0,0,0,0,0,0,0
G11000100072002,110010072002,G11000100072013,110010072013,0.270891846,0.044578313,0.042131351,0.153061225,0.025437202,0.029247911,0,0.026186579
G11000100072002,110010072002,G11000100072014,110010072014,0.186368197,0,0,0,0,0,0,0
G11000100072002,110010072002,G11000100072021,110010072021,0.045159768,0.406024096,0.412639405,0.326530612,0.383147854,0.366295265,0.166666667,0.389525368
G11000100072002,110010072002,G11000100072031,110010072031,0.046046452,0.308433735,0.298636927,0.336734694,0.313195549,0.286908078,0.333333333,0.312602291
G11000100072002,110010072002,G11000100072032,110010072032,0.163774209,0.240963855,0.246592317,0.183673469,0.278219396,0.316155989,0.5,0.271685761
G11000100073011,110010073011,G11000100073011,110010073011,0.237265561,0.292900833,0.306371844,0.291173201,0.292745427,0.270117986,0.090909091,0.295517212
G11000100073011,110010073011,G11000100073012,110010073012,0.223607486,0.286520584,0.257751938,0.343007916,0.343596059,0.404641776,0.636363636,0.339575531
G11000100073011,110010073011,G11000100073013,110010073013,0.539126953,0.420578582,0.435876218,0.365818883,0.363658514,0.325240238,0.272727273,0.364907258
G11000100073041,110010073041,G11000100073043,110010073043,0.11139123,0.406289843,0.379788639,0.429906542,0.43484225,0.425707547,0.173553719,0.486842105
G11000100073041,110010073041,G11000100073044,110010073044,0.880717249,0.575860604,0.605019815,0.551401869,0.547325103,0.558962264,0.826446281,0.491776316
G11000100073041,110010073041,G11000100074031,110010074031,0.000709305,0.001471294,0.001252201,0.001540701,0.0014699,0.001263629,0,0.00176243
G11000100073041,110010073041,G11000100074093,110010074093,0.007182216,0.01637826,0.013939345,0.017150888,0.016362747,0.01406656,0,0.019619149
G11000100073042,110010073042,G11000100073041,110010073041,1,1,1,1,1,1,1,1
G11000100073043,110010073043,G11000100073042,110010073042,1,1,1,1,1,1,1,1
G11000100074011,110010074011,G11000100074011,110010074011,0.977438526,1,1,1,1,1,1,1
G11000100074011,110010074011,G11000100075031,110010075031,0.014792515,0,0,0,0,0,0,0
G11000100074011,110010074011,G11000100076015,110010076015,0.007768959,0,0,0,0,0,0,0
G11000100074012,110010074012,G11000100074012,110010074012,1,1,1,1,1,1,1,1
G11000100074031,110010074031,G11000100074031,110010074031,0.381697375,0.40818468,0.414621677,0.402472528,0.42032967,0.421186441,1,0.362537764
G11000100074031,110010074031,G11000100074032,110010074032,0.618302625,0.59181532,0.585378323,0.597527473,0.57967033,0.578813559,0,0.637462236
G11000100074041,110010074041,G11000100074041,110010074041,1,1,1,1,1,1,1,1
G11000100074042,110010074042,G11000100074042,110010074042,1,1,1,1,1,1,1,1
G11000100074043,110010074043,G11000100074012,110010074012,0.003339685,0,0,0,0,0,0,0
G11000100074043,110010074043,G11000100074043,110010074043,0.996660315,1,1,1,1,1,1,1
G11000100074061,110010074061,G11000100074061,110010074061,1,1,1,1,1,1,1,1
G11000100074062,110010074062,G11000100074062,110010074062,1,1,1,1,1,1,1,1
G11000100074071,110010074071,G11000100074071,110010074071,1,1,1,1,1,1,1,1
G11000100074072,110010074072,G11000100074072,110010074072,0.555235019,0.494071146,0.52991453,0.470588235,0.508701473,0.529131986,0.734899329,0.35857461
G11000100074072,110010074072,G11000100074073,110010074073,0.444764981,0.505928854,0.47008547,0.529411765,0.491298527,0.470868014,0.265100671,0.64142539
G11000100074081,110010074081,G11000100074071,110010074071,0.010699407,0,0,0,0,0,0,0
G11000100074081,110010074081,G11000100074081,110010074081,0.423812889,0.385121791,0.379871732,0.433186491,0.437796771,0.443099274,0.104477612,0.486398259
G11000100074081,110010074081,G11000100074082,110010074082,0.565487704,0.614878209,0.620128268,0.56681351,0.562203229,0.556900726,0.895522388,0.513601741
G11000100074091,110010074091,G11000100074091,110010074091,1,1,1,1,1,1,1,1
G11000100074092,110010074092,G11000100074092,110010074092,1,1,1,1,1,1,1,1
G11000100074093,110010074093,G11000100074093,110010074093,1,1,1,1,1,1,1,1
G11000100075021,110010075021,G11000100075021,110010075021,1,1,1,1,1,1,1,1
G11000100075022,110010075022,G11000100075022,110010075022,0.375356179,0.223415682,0.21460177,0.226044226,0.212195122,0.220954357,0.044117647,0.295620438
G11000100075022,110010075022,G11000100075023,110010075023,0.624643821,0.776584318,0.78539823,0.773955774,0.787804878,0.779045643,0.955882353,0.704379562
G11000100075031,110010075031,G11000100075031,110010075031,1,1,1,1,1,1,1,1
G11000100075032,110010075032,G11000100075032,110010075032,1,1,1,1,1,1,1,1
G11000100075041,110010075041,G11000100075021,110010075021,0.040783712,0,0,0,0,0,0,0
G11000100075041,110010075041,G11000100075041,110010075041,0.814740236,0.714810282,0.679782082,0.719449226,0.68123138,0.628806584,0.691964286,0.67816092
G11000100075041,110010075041,G11000100075042,110010075042,0.144476052,0.285189719,0.320217918,0.280550775,0.31876862,0.371193416,0.308035714,0.321839081
G11000100076011,110010076011,G11000100076011,110010076011,1,1,1,1,1,1,1,1
G11000100076012,110010076012,G11000100076011,110010076011,0.007061883,0,0,0,0,0,0,0
G11000100076012,110010076012,G11000100076012,110010076012,0.992938117,1,1,1,1,1,1,1
G11000100076013,110010076013,G11000100076013,110010076013,1,1,1,1,1,1,1,1
G11000100076014,110010076014,G11000100076014,110010076014,1,1,1,1,1,1,1,1
G11000100076015,110010076015,G11000100076015,110010076015,1,1,1,1,1,1,1,1
G11000100076031,110010076031,G11000100076031,110010076031,1,1,1,1,1,1,1,1
G11000100076032,110010076032,G11000100076032,110010076032,1,1,1,1,1,1,1,1
G11000100076033,110010076033,G11000100076033,110010076033,1,1,1,1,1,1,1,1
G11000100076034,110010076034,G11000100076034,110010076034,1,1,1,1,1,1,1,1
G11000100076041,110010076041,G11000100076041,110010076041,1,1,1,1,1,1,1,1
G11000100076042,110010076042,G11000100076043,110010076043,0.277130817,0.413367943,0.407874016,0.394607843,0.451754386,0.449295775,0.093333333,0.886731392
G11000100076042,110010076042,G11000100076044,110010076044,0.722869184,0.586632057,0.592125984,0.605392157,0.548245614,0.550704225,0.906666667,0.113268608
G11000100076043,110010076043,G11000100076042,110010076042,1,1,1,1,1,1,1,1
G11000100076051,110010076051,G11000100076051,110010076051,1,1,1,1,1,1,1,1
G11000100076052,110010076052,G11000100076053,110010076053,0.185396009,0.100251889,0.09993831,0.122302158,0.088408644,0.085814361,0,0.09375
G11000100076052,110010076052,G11000100076054,110010076054,0.814603991,0.899748111,0.90006169,0.877697842,0.911591356,0.914185639,1,0.90625
G11000100076053,110010076053,G11000100076052,110010076052,1,1,1,1,1,1,1,1
G11000100077031,110010077031,G11000100077031,110010077031,1,1,1,1,1,1,1,1
G11000100077032,110010077032,G11000100077032,110010077032,1,1,1,1,1,1,1,1
G11000100077033,110010077033,G11000100077033,110010077033,1,1,1,1,1,1,1,1
G11000100077034,110010077034,G11000100077032,110010077032,0.007747634,0.00199424,0.001858569,0.002259209,0.001576652,0.001288867,0.004894953,0.001026016
G11000100077034,110010077034,G11000100077034,110010077034,0.992252366,0.99800576,0.998141431,0.997740791,0.998423349,0.998711133,0.995105047,0.998973984
G11000100077071,110010077071,G11000100077072,110010077072,0.511251166,0.409605216,0.445566431,0.37622873,0.439725146,0.424940491,0.719078631,0.327899356
G11000100077071,110010077071,G11000100077073,110010077073,0.488748834,0.590394784,0.554433569,0.62377127,0.560274854,0.575059509,0.280921369,0.672100644
G11000100077072,110010077072,G11000100077071,110010077071,1,1,1,1,1,1,1,1
G11000100077081,110010077081,G11000100077081,110010077081,1,1,1,1,1,1,1,1
G11000100077082,110010077082,G11000100077082,110010077082,1,1,1,1,1,1,1,1
G11000100077091,110010077091,G11000100077082,110010077082,0.001035815,0,0,0,0,0,0,0
G11000100077091,110010077091,G11000100077091,110010077091,0.998964185,1,1,1,1,1,1,1
G11000100077092,110010077092,G11000100077092,110010077092,1,1,1,1,1,1,1,1
G11000100078031,110010078031,G11000100078031,110010078031,1,1,1,1,1,1,1,1
G11000100078032,110010078032,G11000100078032,110010078032,1,1,1,1,1,1,1,1
G11000100078033,110010078033,G11000100078033,110010078033,1,1,1,1,1,1,1,1
G11000100078034,110010078034,G11000100078034,110010078034,1,1,1,1,1,1,1,1
G11000100078041,110010078041,G11000100078041,110010078041,1,1,1,1,1,1,1,1
G11000100078042,110010078042,G11000100078042,110010078042,1,1,1,1,1,1,1,1
G11000100078043,110010078043,G11000100078043,110010078043,1,1,1,1,1,1,1,1
G11000100078061,110010078061,G11000100078061,110010078061,1,1,1,1,1,1,1,1
G11000100078062,110010078062,G11000100078062,110010078062,1,1,1,1,1,1,1,1
G11000100078071,110010078071,G11000100078071,110010078071,0.995602746,1,1,1,1,1,1,1
G11000100078071,110010078071,G11000100078082,110010078082,0.004397254,0,0,0,0,0,0,0
G11000100078072,110010078072,G11000100078072,110010078072,1,1,1,1,1,1,1,1
G11000100078081,110010078081,G11000100078081,110010078081,1,1,1,1,1,1,1,1
G11000100078082,110010078082,G11000100078082,110010078082,1,1,1,1,1,1,1,1
G11000100078083,110010078083,G11000100078083,110010078083,1,1,1,1,1,1,1,1
G11000100078091,110010078091,G11000100078091,110010078091,1,1,1,1,1,1,1,1
G11000100078092,110010078092,G11000100078092,110010078092,1,1,1,1,1,1,1,1
G11000100079011,110010079011,G11000100079011,110010079011,1,1,1,1,1,1,1,1
G11000100079012,110010079012,G11000100079012,110010079012,1,1,1,1,1,1,1,1
G11000100079013,110010079013,G11000100079013,110010079013,1,1,1,1,1,1,1,1
G11000100079014,110010079014,G11000100079014,110010079014,1,1,1,1,1,1,1,1
G11000100079031,110010079031,G11000100079031,110010079031,1,1,1,1,1,1,1,1
G11000100080011,110010080011,G11000100080011,110010080011,1,1,1,1,1,1,1,1
G11000100080012,110010080012,G11000100080012,110010080012,1,1,1,1,1,1,1,1
G11000100080013,110010080013,G11000100080013,110010080013,1,1,1,1,1,1,1,1
G11000100080021,110010080021,G11000100080021,110010080021,1,1,1,1,1,1,1,1
G11000100080022,110010080022,G11000100080022,110010080022,1,1,1,1,1,1,1,1
G11000100081001,110010081001,G11000100081001,110010081001,1,1,1,1,1,1,1,1
G11000100081002,110010081002,G11000100081002,110010081002,1,1,1,1,1,1,1,1
G11000100081003,110010081003,G11000100081003,110010081003,1,1,1,1,1,1,1,1
G11000100082001,110010082001,G11000100082001,110010082001,1,1,1,1,1,1,1,1
G11000100082002,110010082002,G11000100082002,110010082002,0.248001311,0.330175272,0.331440372,0.317725753,0.353327085,0.37329932,0.29528536,0.388554217
G11000100082002,110010082002,G11000100082003,110010082003,0.268054129,0.32022738,0.304594734,0.414715719,0.299906279,0.282312925,0.357320099,0.265060241
G11000100082002,110010082002,G11000100082004,110010082004,0.48394456,0.349597347,0.363964894,0.267558528,0.346766635,0.344387755,0.347394541,0.346385542
G11000100083011,110010083011,G11000100083011,110010083011,1,1,1,1,1,1,1,1
G11000100083012,110010083012,G11000100083012,110010083012,1,1,1,1,1,1,1,1
G11000100083021,110010083021,G11000100083021,110010083021,0.342204216,0.414777879,0.404639175,0.462311558,0.419254658,0.416666667,0.466911765,0.357819905
G11000100083021,110010083021,G11000100083022,110010083022,0.369089007,0.288304624,0.295360825,0.281407035,0.30641822,0.312984496,0.270220588,0.353080569
G11000100083021,110010083021,G11000100083023,110010083023,0.288706778,0.296917498,0.3,0.256281407,0.274327122,0.270348837,0.262867647,0.289099526
G11000100084021,110010084021,G11000100084021,110010084021,1,1,1,1,1,1,1,1
G11000100084022,110010084022,G11000100084022,110010084022,1,1,1,1,1,1,1,1
G11000100084101,110010084101,G11000100084101,110010084101,1,1,1,1,1,1,1,1
G11000100087011,110010087011,G11000100087011,110010087011,1,1,1,1,1,1,1,1
G11000100087012,110010087012,G11000100087012,110010087012,1,1,1,1,1,1,1,1
G11000100087021,110010087021,G11000100087021,110010087021,1,1,1,1,1,1,1,1
G11000100087022,110010087022,G11000100087022,110010087022,0.194684605,0.090073529,0.089715536,0.09375,0.07421875,0.058139535,0.130434783,0.028368794
G11000100087022,110010087022,G11000100087023,110010087023,0.805315395,0.909926471,0.910284464,0.90625,0.92578125,0.941860465,0.869565217,0.971631206
G11000100088021,110010088021,G11000100088021,110010088021,1,1,1,1,1,1,1,1
G11000100088022,110010088022,G11000100088022,110010088022,1,1,1,1,1,1,1,1
G11000100088023,110010088023,G11000100088023,110010088023,1,1,1,1,1,1,1,1
G11000100088024,110010088024,G11000100088024,110010088024,1,1,1,1,1,1,1,1
G11000100088031,110010088031,G11000100088031,110010088031,0.321620243,0.421207658,0.36629608,0.706896552,0.696832579,0.727124183,0.661016949,0.70234987
G11000100088031,110010088031,G11000100088032,110010088032,0.678379757,0.578792342,0.63370392,0.293103448,0.303167421,0.272875817,0.338983051,0.297650131
G11000100088041,110010088041,G11000100088041,110010088041,1,1,1,1,1,1,1,1
G11000100088042,110010088042,G11000100088042,110010088042,1,1,1,1,1,1,1,1
G11000100089031,110010089031,G11000100089032,110010089032,0.523550579,0.725888325,0.709134615,0.723756906,0.708563536,0.67967853,0.785234899,0.654929578
G11000100089031,110010089031,G11000100089033,110010089033,0.473858052,0.274111675,0.290865385,0.276243094,0.291436464,0.32032147,0.214765101,0.345070423
G11000100089031,110010089031,G11000100089041,110010089041,0.002591369,0,0,0,0,0,0,0
G11000100089032,110010089032,G11000100089031,110010089031,1,1,1,1,1,1,1,1
G11000100089041,110010089041,G11000100089042,110010089042,0.307008527,0.52012116,0.528888889,0.512524085,0.514678899,0.531707317,0.905660377,0.494696239
G11000100089041,110010089041,G11000100089043,110010089043,0.692991473,0.47987884,0.471111111,0.487475915,0.485321101,0.468292683,0.094339623,0.505303761
G11000100089042,110010089042,G11000100089041,110010089041,1,1,1,1,1,1,1,1
G11000100090001,110010090001,G11000100090001,110010090001,0.002532411,0,0,0,0,0,0,0
G11000100090001,110010090001,G11000100090002,110010090002,0.56734102,0.365159129,0.368022706,0.412280702,0.364351245,0.362025317,0,0.481802426
G11000100090001,110010090001,G11000100090003,110010090003,0.43012657,0.634840871,0.631977294,0.587719298,0.635648755,0.637974684,1,0.518197574
G11000100090002,110010090002,G11000100090001,110010090001,1,1,1,1,1,1,1,1
G11000100091021,110010091021,G11000100091021,110010091021,0.999573041,0.998644271,0.998807127,0.998521925,0.999015053,0.999096732,0.998603432,0.999628397
G11000100091021,110010091021,G11000100091022,110010091022,0.000426959,0.001355729,0.001192873,0.001478075,0.000984947,0.000903268,0.001396568,0.000371603
G11000100091022,110010091022,G11000100091023,110010091023,0.536301165,0.918463966,0.910087719,0.91198044,0.930517711,0.931198102,0.884057971,0.958515284
G11000100091022,110010091022,G11000100091024,110010091024,0.463698835,0.081536034,0.089912281,0.08801956,0.069482289,0.068801898,0.115942029,0.041484716
G11000100091023,110010091023,G11000100091022,110010091022,1,1,1,1,1,1,1,1
G11000100092011,110010092011,G11000100092011,110010092011,0.22578419,0.236336032,0.216154721,0.37295082,0.354385965,0.360258481,0.323943662,0.37254902
G11000100092011,110010092011,G11000100092012,110010092012,0.76876442,0.763663968,0.783845279,0.62704918,0.645614035,0.639741519,0.676056338,0.62745098
G11000100092011,110010092011,G11000100093012,110010093012,0.00545139,0,0,0,0,0,0,0
G11000100092031,110010092031,G11000100092031,110010092031,1,1,1,1,1,1,1,1
G11000100092032,110010092032,G11000100092032,110010092032,1,1,1,1,1,1,1,1
G11000100092041,110010092041,G11000100092041,110010092041,1,1,1,1,1,1,1,1
G11000100092042,110010092042,G11000100092042,110010092042,1,1,1,1,1,1,1,1
G11000100093011,110010093011,G11000100093011,110010093011,1,1,1,1,1,1,1,1
G11000100093012,110010093012,G11000100093012,110010093012,1,1,1,1,1,1,1,1
G11000100093013,110010093013,G11000100093013,110010093013,1,1,1,1,1,1,1,1
G11000100093014,110010093014,G11000100093014,110010093014,1,1,1,1,1,1,1,1
G11000100093021,110010093021,G11000100093021,110010093021,1,1,1,1,1,1,1,1
G11000100094001,110010094001,G11000100094001,110010094001,1,1,1,1,1,1,1,1
G11000100094002,110010094002,G11000100094002,110010094002,1,1,1,1,1,1,1,1
G11000100094003,110010094003,G11000100094003,110010094003,1,1,1,1,1,1,1,1
G11000100094004,110010094004,G11000100094003,110010094003,0.002073803,0,0,0,0,0,0,0
G11000100094004,110010094004,G11000100094004,110010094004,0.997926197,1,1,1,1,1,1,1
G11000100095011,110010095011,G11000100095084,110010095084,0.055343307,0,0,0,0,0,0,0
G11000100095011,110010095011,G11000100095101,110010095101,0.944656693,1,1,1,1,1,1,1
G11000100095012,110010095012,G11000100095102,110010095102,1,1,1,1,1,1,1,1
G11000100095013,110010095013,G11000100095041,110010095041,0.001982376,0,0,0,0,0,0,0
G11000100095013,110010095013,G11000100095103,110010095103,0.187012044,0.323825503,0.287584011,1,0.998043053,0.998254799,1,0.997474748
G11000100095013,110010095013,G11000100095111,110010095111,0.811005581,0.676174497,0.712415989,0,0.001956947,0.001745201,0,0.002525253
G11000100095031,110010095031,G11000100095031,110010095031,1,1,1,1,1,1,1,1
G11000100095032,110010095032,G11000100095032,110010095032,1,1,1,1,1,1,1,1
G11000100095033,110010095033,G11000100095033,110010095033,1,1,1,1,1,1,1,1
G11000100095041,110010095041,G11000100095041,110010095041,1,1,1,1,1,1,1,1
G11000100095042,110010095042,G11000100095042,110010095042,1,1,1,1,1,1,1,1
G11000100095051,110010095051,G11000100095051,110010095051,1,1,1,1,1,1,1,1
G11000100095052,110010095052,G11000100095052,110010095052,1,1,1,1,1,1,1,1
G11000100095053,110010095053,G11000100095053,110010095053,1,1,1,1,1,1,1,1
G11000100095071,110010095071,G11000100095071,110010095071,1,1,1,1,1,1,1,1
G11000100095081,110010095081,G11000100095053,110010095053,0.00217333,0,0,0,0,0,0,0
G11000100095081,110010095081,G11000100095082,110010095082,0.002499329,0.047168858,0.050596833,0.059348518,0.05600478,0.056992661,0,0.058275244
G11000100095081,110010095081,G11000100095083,110010095083,0.246885818,0.488210825,0.505007761,0.432980058,0.504719772,0.498830782,0.041666667,0.523492195
G11000100095081,110010095081,G11000100095084,110010095084,0.747348205,0.464620318,0.444395406,0.507671424,0.439275449,0.444176558,0.958333333,0.418232561
G11000100095081,110010095081,G11000100095101,110010095101,0.001093318,0,0,0,0,0,0,0
G11000100095082,110010095082,G11000100095081,110010095081,1,1,1,1,1,1,1,1
G11000100095083,110010095083,G11000100095082,110010095082,1,1,1,1,1,1,1,1
G11000100095091,110010095091,G11000100095091,110010095091,1,1,1,1,1,1,1,1
G11000100095092,110010095092,G11000100095092,110010095092,1,1,1,1,1,1,1,1
G11000100095093,110010095093,G11000100095093,110010095093,1,1,1,1,1,1,1,1
G11000100096011,110010096011,G11000100096011,110010096011,1,1,1,1,1,1,1,1
G11000100096011,110010096011,G11000100096021,110010096021,0,0,0,0,0,0,0,0
G11000100096021,110010096021,G11000100096011,110010096011,0,0,0,0,0,0,0,0
G11000100096021,110010096021,G11000100096022,110010096022,0.280902677,0.821590909,0.80603097,0.839248434,0.832223702,0.829151732,0.012987013,0.925816024
G11000100096021,110010096021,G11000100096023,110010096023,0.719097323,0.178409091,0.19396903,0.160751566,0.167776298,0.170848268,0.987012987,0.074183976
G11000100096022,110010096022,G11000100096011,110010096011,0,0,0,0,0,0,0,0
G11000100096022,110010096022,G11000100096021,110010096021,0.832696199,0,0,0,0,0,0,0
G11000100096022,110010096022,G11000100096022,110010096022,0.145861547,1,1,1,1,1,1,1
G11000100096022,110010096022,G11000100096023,110010096023,0.021442254,0,0,0,0,0,0,0
G11000100096031,110010096031,G11000100096031,110010096031,1,1,1,1,1,1,1,1
G11000100096032,110010096032,G11000100096032,110010096032,1,1,1,1,1,1,1,1
G11000100096033,110010096033,G11000100096033,110010096033,1,1,1,1,1,1,1,1
G11000100096041,110010096041,G11000100096041,110010096041,1,1,1,1,1,1,1,1
G11000100096042,110010096042,G11000100096023,110010096023,0.013337714,0,0,0,0,0,0,0
G11000100096042,110010096042,G11000100096042,110010096042,0.986662286,1,1,1,1,1,1,1
G11000100097001,110010097001,G11000100073044,110010073044,0,0,0,0,0,0,0,0
G11000100097001,110010097001,G11000100097002,110010097002,0.513650007,0.620074658,0.635182999,0.617996604,0.586474501,0.620178042,0.68452381,0.528268551
G11000100097001,110010097001,G11000100097003,110010097003,0.486349993,0.379925342,0.364817001,0.382003396,0.413525499,0.379821959,0.315476191,0.471731449
G11000100097002,110010097002,G11000100097001,110010097001,1,1,1,1,1,1,1,1
G11000100098011,110010098011,G11000100098011,110010098011,1,1,1,1,1,1,1,1
G11000100098011,110010098011,G11000100098032,110010098032,0,0,0,0,0,0,0,0
G11000100098011,110010098011,G11000100098041,110010098041,0,0,0,0,0,0,0,0
G11000100098021,110010098021,G11000100098021,110010098021,1,1,1,1,1,1,1,1
G11000100098022,110010098022,G11000100098022,110010098022,1,1,1,1,1,1,1,1
G11000100098031,110010098031,G11000100098031,110010098031,1,1,1,1,1,1,1,1
G11000100098032,110010098032,G11000100098032,110010098032,1,1,1,1,1,1,1,1
G11000100098033,110010098033,G11000100098033,110010098033,1,1,1,1,1,1,1,1
G11000100098041,110010098041,G11000100098041,110010098041,1,1,1,1,1,1,1,1
G11000100098042,110010098042,G11000100098042,110010098042,1,1,1,1,1,1,1,1
G11000100098071,110010098071,G11000100098071,110010098071,1,1,1,1,1,1,1,1
G11000100098072,110010098072,G11000100098072,110010098072,0.257706552,0.532997058,0.52537797,0.52581262,0.544853636,0.542880259,0.306990882,0.652054795
G11000100098072,110010098072,G11000100098073,110010098073,0.742293448,0.467002942,0.47462203,0.474187381,0.455146365,0.457119741,0.693009119,0.347945206
G11000100098101,110010098101,G11000100098101,110010098101,1,1,1,1,1,1,1,1
G11000100098102,110010098102,G11000100098102,110010098102,1,1,1,1,1,1,1,1
G11000100098111,110010098111,G11000100098111,110010098111,1,1,1,1,1,1,1,1
G11000100098112,110010098112,G11000100098112,110010098112,0.517844798,0.579205712,0.568777991,0.565905097,0.576323988,0.557090239,0.308510638,0.641290323
G11000100098112,110010098112,G11000100098113,110010098113,0.482155202,0.420794288,0.431222009,0.434094903,0.423676013,0.442909761,0.691489362,0.358709677
G11000100099011,110010099011,G11000100099011,110010099011,1,1,1,1,1,1,1,1
G11000100099012,110010099012,G11000100099012,110010099012,1,1,1,1,1,1,1,1
G11000100099021,110010099021,G11000100099021,110010099021,1,1,1,1,1,1,1,1
G11000100099022,110010099022,G11000100099022,110010099022,1,1,1,1,1,1,1,1
G11000100099031,110010099031,G11000100099031,110010099031,1,1,1,1,1,1,1,1
G11000100099032,110010099032,G11000100099032,110010099032,1,1,1,1,1,1,1,1
G11000100099041,110010099041,G11000100099041,110010099041,1,1,1,1,1,1,1,1
G11000100099042,110010099042,G11000100099042,110010099042,0.541838309,0.565158677,0.608650875,0.557184751,0.651245552,0.621253406,0.393548387,0.749385749
G11000100099042,110010099042,G11000100099043,110010099043,0.458161691,0.434841323,0.391349125,0.442815249,0.348754448,0.378746594,0.606451613,0.250614251
G11000100099051,110010099051,G11000100099051,110010099051,1,1,1,1,1,1,1,1
G11000100099052,110010099052,G11000100099052,110010099052,1,1,1,1,1,1,1,1
G11000100099053,110010099053,G11000100099053,110010099053,1,1,1,1,1,1,1,1
G11000100099061,110010099061,G11000100099061,110010099061,1,1,1,1,1,1,1,1
G11000100099071,110010099071,G11000100099071,110010099071,1,1,1,1,1,1,1,1
G11000100099072,110010099072,G11000100099072,110010099072,1,1,1,1,1,1,1,1
G11000100101001,110010101001,G11000100058021,110010058021,0.002288156,0,0,0,0,0,0,0
G11000100101001,110010101001,G11000100101002,110010101002,0.369211511,0.516975309,0.515183804,0.589189189,0.525660964,0.500327439,0.507082153,0.532690247
G11000100101001,110010101001,G11000100101003,110010101003,0.628500333,0.483024691,0.484816196,0.410810811,0.474339036,0.499672561,0.492917847,0.467309754
G11000100101002,110010101002,G11000100101001,110010101001,1,1,1,1,1,1,1,1
G11000100102001,110010102001,G11000100102021,110010102021,0.325393811,0,0,0,0,0,0,0
G11000100102001,110010102001,G11000100102022,110010102022,0.369403797,0.978880676,0.977324263,1,1,1,1,1
G11000100102001,110010102001,G11000100102024,110010102024,0.305202393,0.021119324,0.022675737,0,0,0,0,0
G11000100102002,110010102002,G11000100102011,110010102011,0.068723359,0.201888163,0.209000763,0.175257732,0.22751896,0.236719478,0.013071895,0.27012987
G11000100102002,110010102002,G11000100102012,110010102012,0.073063782,0.167029775,0.163234172,0.128865979,0.175514626,0.236719478,0.320261438,0.146753247
G11000100102002,110010102002,G11000100102013,110010102013,0.052846316,0.440813362,0.442410374,0.422680412,0.458288191,0.403541473,0,0.549350649
G11000100102002,110010102002,G11000100102023,110010102023,0.184674969,0,0,0,0,0,0,0
G11000100102002,110010102002,G11000100102025,110010102025,0.448680623,0.1902687,0.185354691,0.273195876,0.138678223,0.123019571,0.666666667,0.033766234
G11000100102002,110010102002,G11000100102026,110010102026,0.168961526,0,0,0,0,0,0,0
G11000100102002,110010102002,G11000109800001,110019800001,0.003049425,0,0,0,0,0,0,0
G11000100103001,110010103001,G11000100103001,110010103001,1,1,1,1,1,1,1,1
G11000100103002,110010103002,G11000100103002,110010103002,1,1,1,1,1,1,1,1
G11000100103003,110010103003,G11000100103003,110010103003,1,1,1,1,1,1,1,1
G11000100104001,110010104001,G11000100104001,110010104001,1,1,1,1,1,1,1,1
G11000100104002,110010104002,G11000100073013,110010073013,0.044423141,0,0,0,0,0,0,0
G11000100104002,110010104002,G11000100074011,110010074011,0.006607956,0.025320618,0.020946795,0.034862385,0.023323615,0.020508614,0,0.031496063
G11000100104002,110010104002,G11000100074043,110010074043,0.003384723,0,0,0,0,0,0,0
G11000100104002,110010104002,G11000100104002,110010104002,0.074062285,0.518250576,0.483870968,0.640366973,0.655004859,0.638228056,0.72659176,0.62992126
G11000100104002,110010104002,G11000100104003,110010104003,0.871521894,0.456428806,0.495182237,0.324770642,0.321671526,0.341263331,0.27340824,0.338582677
G11000100105001,110010105001,G11000100105003,110010105003,0.333246465,0.741450053,0.710086399,0.764183506,0.682420433,0.683206894,0.69811423,0.679230339
G11000100105001,110010105001,G11000100105005,110010105005,0.666753535,0.258549947,0.289913601,0.235816494,0.317579567,0.316793106,0.30188577,0.320769661
G11000100105002,110010105002,G11000100105001,110010105001,0.231227777,0.001386001,0.001468429,0.00462963,0.001030928,0.000816994,0,0.001879699
G11000100105002,110010105002,G11000100105002,110010105002,0.161776088,0.998613999,0.998531571,0.99537037,0.998969072,0.999183007,1,0.998120301
G11000100105002,110010105002,G11000100105004,110010105004,0.606996135,0,0,0,0,0,0,0
G11000100106001,110010106001,G11000100106021,110010106021,1,1,1,1,1,1,1,1
G11000100106002,110010106002,G11000100106011,110010106011,0.129591176,0.020851064,0.018048781,0.019323672,0.011162791,0.014996054,0.011574074,0.01088647
G11000100106002,110010106002,G11000100106012,110010106012,0.087531509,0,0,0,0,0,0,0
G11000100106002,110010106002,G11000100106023,110010106023,0.110049159,0.523829787,0.551219512,0.480676329,0.589767442,0.590370955,0.375,0.734059098
G11000100106002,110010106002,G11000100106024,110010106024,0.224435731,0.448085106,0.422926829,0.497584541,0.398139535,0.393843725,0.611111111,0.255054432
G11000100106002,110010106002,G11000100106031,110010106031,0.297560387,0.007234043,0.007804878,0.002415459,0.000930233,0.000789266,0.002314815,0
G11000100106002,110010106002,G11000100106032,110010106032,0.028216842,0,0,0,0,0,0,0
G11000100106002,110010106002,G11000100106033,110010106033,0.122615196,0,0,0,0,0,0,0
G11000100106003,110010106003,G11000100106022,110010106022,1,1,1,1,1,1,1,1
G11000100107001,110010107001,G11000100107001,110010107001,1,1,1,1,1,1,1,1
G11000100107002,110010107002,G11000100107002,110010107002,1,1,1,1,1,1,1,1
G11000100108001,110010108001,G11000100108001,110010108001,1,1,1,1,1,1,1,1
G11000100108002,110010108002,G11000100108002,110010108002,0.19523533,0.007550019,0.006466337,0,0,0,0,0
G11000100108002,110010108002,G11000100108004,110010108004,0.431956962,0.006040015,0.005325219,0,0,0,0,0
G11000100108002,110010108002,G11000100108005,110010108005,0.095284002,0,0,0,0,0,0,0
G11000100108002,110010108002,G11000100108006,110010108006,0.277523707,0.986409966,0.988208444,1,1,1,1,1
G11000100108003,110010108003,G11000100108003,110010108003,1,1,1,1,1,1,1,1
G11000100109001,110010109001,G11000100109001,110010109001,1,1,1,1,1,1,1,1
G11000100109002,110010109002,G11000100109002,110010109002,1,1,1,1,1,1,1,1
G11000100110001,110010110001,G11000100110011,110010110011,1,1,1,1,1,1,1,1
G11000100110002,110010110002,G11000100110021,110010110021,1,1,1,1,1,1,1,1
G11000100110003,110010110003,G11000100110022,110010110022,1,1,1,1,1,1,1,1
G11000100110004,110010110004,G11000100110012,110010110012,0.504045509,0.416871921,0.433400947,0.36971831,0.445682451,0.4410299,0.448094612,0.439873418
G11000100110004,110010110004,G11000100110013,110010110013,0.495954491,0.583128079,0.566599053,0.63028169,0.554317549,0.5589701,0.551905388,0.560126582
G11000100111001,110010111001,G11000100111001,110010111001,1,1,1,1,1,1,1,1
G11000100111002,110010111002,G11000100111002,110010111002,1,1,1,1,1,1,1,1
G11000100111003,110010111003,G11000100111003,110010111003,1,1,1,1,1,1,1,1