Name,Crash,Pedestrian,MajorFatal,PropMajFat,Tree,AvgCrown,UTCPCT,MedIncome,LogIncome,Population,Density,PopProp,AvgSpeed,Road,Arterial,PropArt,TrafficVol,LogCrash,SRTS,Lat,Lon,LogMajFat
Lafayette Elementary School,0,0,0,0,1226,1221,54.09,201339,5.303927907,791,2.507682195,0.001179564,21.17647059,51,0,0,30110,0,0,38.96662755,-77.06803712,-4
Creative Minds International PCS,0,0,0,0,262,303,32.57,,,0,0,0,22.5,8,2,0.25,9992,0,0,38.937725,-77.007009,-4
LEARN DC PCSB,0,0,0,0,16,209,12.92,152755,5.183995435,1478,0.458117684,0.002204039,20,25,0,0,,0,0,38.83197916,-77.01854285,-4
MacArthur High School,1,1,0,0,829,1010,53.59,170688,5.23220299,1500,1.92767221,0.002236846,20.65789474,38,10,0.263157895,105413,0,0,38.907762,-77.086167,-4
Mary McLeod Bethune Day Academy PCS,1,1,0,0,1053,852,36.77,90035,4.954411369,917,3.118395421,0.001367459,21.44230769,52,12,0.230769231,85590,0,0,38.9296056,-76.9868646,-4
Drew Elementary School,2,2,1,0.5,1074,697,36.57,61458,4.788578423,1312,5.189811314,0.001956495,20.85,60,8,0.133333333,74208,0.693147181,0,38.89599397,-76.91992701,-0.301029996
John Lewis Elementary School,2,2,1,0.5,1120,890,32.2,233611,5.368493288,2061,5.675851826,0.003073427,22.20588235,68,25,0.367647059,232258,0.693147181,0,38.95119327,-77.03241633,-0.301029996
Malcolm X Elementary School @ Green,2,2,1,0.5,519,539,55.17,12500,4.096910013,951,9.008915562,0.001418161,20.68181818,22,0,0,14721,0.693147181,0,38.8416454,-76.98339857,-0.301029996
Eagle Academy PCS - Capitol Riverfront,2,2,1,0.5,477,388,9.39,71618,4.855022189,1178,1.525304762,0.00175667,20,4,0,0,,0.693147181,0,38.86669175,-77.00992365,-0.301029996
Barnard Elementary School,2,2,0,0,1094,858,33.01,87985,4.944408638,1789,3.672370919,0.002667812,20.38461538,78,15,0.192307692,124200,0.693147181,1,38.94823095,-77.01777708,-4
Key Elementary School,2,2,0,0,922,1122,64.86,250001,5.397941746,748,1.660676387,0.001115441,21.36363636,44,14,0.318181818,162234,0.693147181,0,38.92680184,-77.10052732,-4
Latin American Montessori Bilingual PCS,2,3,0,0,1070,845,35.44,250001,5.397941746,1339,3.765486381,0.001996758,22.17741935,62,19,0.306451613,242541,0.693147181,1,38.950926,-77.03353,-4
Mundo Verde Bilingual PCS - Calle Ocho,2,2,0,0,720,734,28.5,97390,4.988514366,1326,2.38726941,0.001977372,21.32352941,34,9,0.264705882,65660,0.693147181,1,38.94299205,-76.99455049,-4
Washington Yu Ying PCS,2,2,0,0,397,696,33.67,153125,5.185046102,1874,3.818373356,0.002794567,21.81818182,33,11,0.333333333,67138,0.693147181,0,38.94082678,-77.00262079,-4
District of Columbia International School,3,3,1,0.333333333,519,1212,29.23,66833,4.824990956,1110,1.896394165,0.001655266,23.17073171,41,19,0.463414634,253195,1.098612289,0,38.9727102,-77.03420265,-0.477121255
Eaton Elementary School,3,4,1,0.25,853,1001,60.11,220536,5.343479493,980,2.160036099,0.001461406,21.66666667,30,9,0.3,8863,1.098612289,1,38.93272707,-77.06582114,-0.602059991
Leckie Education Campus,3,5,0,0,723,864,42.44,42500,4.62838893,1703,12.93258999,0.002539566,20.44444444,45,0,0,6136,1.098612289,0,38.82819678,-77.01289191,-4
Oyster-Adams Bilingual School (Oyster),3,3,0,0,923,978,56.29,174107,5.240816232,919,0.93123118,0.001370441,20.55555556,36,5,0.138888889,38072,1.098612289,0,38.92359583,-77.05720337,-4
Center City PCS - Petworth,3,3,0,0,1342,922,29.27,137083,5.1369836,1164,5.44337755,0.001735793,21.22093023,86,21,0.244186047,181774,1.098612289,0,38.94363,-77.02081,-4
DC Wildflower PCS – The Riverseed School,3,3,0,0,615,809,24.22,84107,4.924832142,1096,3.990028423,0.001634389,21.70212766,47,8,0.170212766,75426,1.098612289,0,38.9002367,-76.92077048,#NUM!
Rocketship PCS - Legacy Prep,4,4,3,0.75,500,669,72.95,73766,4.867856234,1173,1.165202633,0.001749214,23.26923077,26,8,0.307692308,101377,1.386294361,0,38.87043415,-76.94027098,-0.124938737
Shepherd Elementary School,4,5,1,0.2,1159,905,43.82,224375,5.350974466,1355,3.012479426,0.002020618,21.63265306,49,6,0.12244898,143970,1.386294361,1,38.98460328,-77.03399523,-0.698970004
Burroughs Elementary School,4,5,0,0,1304,827,30.58,106406,5.026966118,1568,3.499943115,0.00233825,21.83333333,60,9,0.15,156484,1.386294361,1,38.93350266,-76.97845637,-4
Hearst Elementary School,4,4,0,0,1236,1508,52.05,250001,5.397941746,1639,2.726152627,0.002444127,21.82926829,41,11,0.268292683,140840,1.386294361,0,38.94072265,-77.07195522,-4
Inspiring Youth Program,4,4,0,0,628,859,25.57,200000,5.301029996,2102,1.038270527,0.003134567,23.18181818,22,2,0.090909091,33285,1.386294361,0,38.88343091,-76.97637892,-4
Perry Street Preparatory PCS and The Sojourner Truth School PCS,4,5,0,0,1159,822,37.38,118289,5.07294436,1161,2.37162715,0.001731319,21.72413793,58,8,0.137931034,177748,1.386294361,0,38.9367961,-76.9785955,-4
Woodson High School,5,5,3,0.6,1084,644,24.22,84107,4.924832142,1096,3.990028423,0.001634389,21.88679245,53,7,0.132075472,65397,1.609437912,0,38.89678662,-76.92232826,-0.22184875
Center City PCS - Congress Heights,5,7,2,0.285714286,716,989,44.65,83170,4.919966701,2249,3.777680115,0.003353778,21.06060606,33,6,0.181818182,44406,1.609437912,0,38.84150505,-77.00456137,-0.544068044
Bunker Hill Elementary School,5,5,1,0.2,951,1111,43.56,116840,5.067591548,775,1.479229972,0.001155704,22.83333333,60,24,0.4,296909,1.609437912,0,38.94201247,-76.98499564,-0.698970004
Houston Elementary School,5,5,1,0.2,1012,667,30.8,60330,4.780533325,966,3.209641528,0.001440529,22.06521739,92,41,0.445652174,316108,1.609437912,1,38.90541532,-76.92994765,-0.698970004
Capital City PCS ,5,5,1,0.2,765,785,40.16,167500,5.224014811,1440,3.372729536,0.002147372,20.95744681,47,11,0.234042553,88264,1.609437912,0,38.96216785,-77.01294177,-0.698970004
Payne Elementary School,5,8,1,0.125,1307,1005,26.62,144857,5.160939487,1740,7.118945538,0.002594742,21.05263158,57,7,0.122807018,54731,1.609437912,0,38.885171,-76.984984,-0.903089987
Browne Education Campus,5,5,0,0,558,581,44.73,58704,4.768667694,1709,0.439307373,0.002548513,20,9,0,0,,1.609437912,0,38.90259888,-76.97066706,-4
Coolidge High School,5,5,0,0,1325,634,24.92,145403,5.162573367,833,1.841006048,0.001242195,21.37254902,51,0,0,36381,1.609437912,0,38.96728457,-77.01957835,-4
Ida B. Wells Middle School,5,5,0,0,1325,634,24.92,145403,5.162573367,833,1.841006048,0.001242195,21.37254902,51,0,0,36381,1.609437912,0,38.967285,-77.019578,-4
Stoddert Elementary School,5,7,0,0,994,1019,43.6,99271,4.996822397,1189,8.198628162,0.001773073,20.8974359,39,3,0.076923077,28194,1.609437912,1,38.92304465,-77.0790738,-4
Whittier Elementary School,5,5,0,0,1225,712,24.92,145403,5.162573367,833,1.841006048,0.001242195,21.42857143,56,0,0,44710,1.609437912,0,38.96585727,-77.0192386,-4
Inspired Teaching Demonstration PCS,5,5,0,0,744,702,28.52,99219,4.996594846,963,2.618566988,0.001436055,21.5625,48,15,0.3125,113938,1.609437912,0,38.9236864,-77.0027177,-4
Two Rivers PCS - Young Middle School,5,5,0,0,521,566,44.73,58704,4.768667694,1709,0.439307373,0.002548513,20,9,0,0,,1.609437912,0,38.90244277,-76.97033233,-4
Simon Elementary School,6,8,3,0.375,1209,384,31.91,14827,4.171053288,1814,4.133995692,0.002705093,20.80645161,31,0,0,24535,1.791759469,0,38.83598054,-77.000195,-0.425968732
Ballou High School,6,7,2,0.285714286,902,679,23.54,42179,4.625096279,667,3.148658382,0.000994651,21.25,36,4,0.111111111,52420,1.791759469,0,38.83851166,-77.0013625,-0.544068044
Eastern High School,6,6,0,0,1439,651,18.65,124375,5.094733094,1482,5.691635881,0.002210004,21.125,40,13,0.325,153491,1.791759469,0,38.89040266,-76.97968429,-4
Friendship PCS - Ideal ,6,7,0,0,865,598,26.51,219185,5.34081083,1561,3.283019151,0.002327811,20.49019608,51,11,0.215686275,72287,1.791759469,0,38.9649146,-77.00993109,-4
Friendship PCS - Woodridge International,6,6,0,0,676,822,25.15,111083,5.0456476,1844,1.259751257,0.00274983,20.53191489,47,9,0.191489362,191703,1.791759469,0,38.9295415,-76.96666776,-4
"KIPP DC - Quest Academy PCS, KIPP DC - Valor Academy PCS, and KIPP DC - Arts and Technology Academy PCS",6,6,0,0,1027,676,33.68,70848,4.850327595,1847,5.929049948,0.002754303,20.66666667,30,0,0,20015,1.791759469,0,38.8919479,-76.9246449,-4
St. Coletta Special Education PCS,6,6,0,0,810,811,25.57,200000,5.301029996,2102,1.038270527,0.003134567,22.32142857,28,9,0.321428571,79255,1.791759469,0,38.886758,-76.9766732,-4
Hart Middle School,7,9,4,0.444444444,999,483,27.54,48324,4.684162876,1951,5.46612813,0.002909391,21.45833333,24,2,0.083333333,39733,1.945910149,1,38.83773787,-76.99717875,-0.352182519
IDEA PCS,7,7,3,0.428571429,809,648,25.8,37321,4.571953272,1420,3.878548535,0.002117548,21.11940299,67,11,0.164179104,73482,1.945910149,0,38.9045486,-76.9371036,-0.367976785
Maya Angelou PCS and Elsie Whitlow Stokes Community Freedom PCS - East End,7,7,3,0.428571429,1089,585,36.22,113005,5.05309766,1071,4.164715082,0.001597108,20,36,0,0,10191,1.945910149,0,38.8903347,-76.92032883,-0.367976785
Kelly Miller Middle School,7,7,2,0.285714286,1063,781,27.86,34327,4.53563585,1967,5.553071254,0.002933251,20.45454545,66,0,0,38274,1.945910149,0,38.89331541,-76.93245515,-0.544068044
Mann Elementary School,7,10,2,0.2,690,942,70.24,250001,5.397941746,1665,3.281710023,0.002482899,20.76923077,39,14,0.358974359,49324,1.945910149,0,38.93429231,-77.08782619,-0.698970004
Cedar Tree Academy PCS,7,10,2,0.2,133,1096,24.05,45822,4.661074041,116,0.095031862,0.000172983,21.11111111,9,0,0,27604,1.945910149,0,38.86405925,-76.99923117,-0.698970004
Dorothy I. Height Elementary School,7,7,1,0.142857143,1294,1033,23.85,221750,5.345863629,1452,4.764508679,0.002165267,23,45,21,0.466666667,214318,1.945910149,1,38.9447,-77.030541,-0.84509804
Ron Brown College Preparatory High School,7,7,1,0.142857143,1059,647,25.8,37321,4.571953272,1420,3.878548535,0.002117548,20.74626866,67,4,0.059701493,50611,1.945910149,0,38.906563,-76.932705,-0.84509804
Maury Elementary School,7,8,1,0.125,1421,1037,32.04,189750,5.278181785,1799,5.948332151,0.002682724,21.33928571,56,13,0.232142857,100266,1.945910149,0,38.892287,-76.988999,-0.903089987
Lorraine H. Whitlock Elementary School,7,9,1,0.111111111,1036,717,34.14,60620,4.782615932,1820,6.307966813,0.00271404,20.42372881,59,9,0.152542373,125695,1.945910149,0,38.89700181,-76.93370092,-0.95424251
Center City PCS - Capitol Hill,7,9,1,0.111111111,1507,882,18.65,124375,5.094733094,1482,5.691635881,0.002210004,21.11111111,54,13,0.240740741,104239,1.945910149,0,38.8893804,-76.98325378,-0.95424251
"Phelps Architecture, Construction, and Engineering High School",7,7,0,0,588,757,16.28,51583,4.712506597,1800,20.99036127,0.002684215,20,17,0,0,,1.945910149,0,38.90199202,-76.97189763,-4
Sousa Middle School,7,7,0,0,484,720,65.35,100658,5.002848297,1654,0.889733094,0.002466496,20,21,4,0.19047619,45584,1.945910149,0,38.88389441,-76.95315884,-4
AppleTree Early Learning Center PCS - Oklahoma Avenue,7,7,0,0,1031,870,19.23,103523,5.015036849,1739,6.922825201,0.00259325,21.47058824,51,5,0.098039216,132927,1.945910149,0,38.8945955,-76.9755829,-4
Shining Stars Montessori Academy PCS,7,7,0,0,1138,782,24.56,153125,5.185046102,1874,3.818373356,0.002794567,22.5,74,31,0.418918919,259023,1.945910149,0,38.9386092,-76.98891471,-4
Langdon Elementary School,8,10,3,0.3,1237,608,37.69,200000,5.301029996,1755,2.491698177,0.00261711,21.78571429,56,4,0.071428571,163163,2.079441542,0,38.92470416,-76.97708185,-0.522878745
Deal Middle School,8,8,2,0.25,954,1247,32.9,250001,5.397941746,1499,2.435963321,0.002235355,22.6,50,15,0.3,116672,2.079441542,0,38.95289674,-77.07519907,-0.602059991
I Dream PCS,8,8,2,0.25,1037,896,53.01,67500,4.829303773,550,2.34154872,0.000820177,21.47540984,61,16,0.262295082,181624,2.079441542,0,38.8626063,-76.95858431,-0.602059991
Takoma Elementary School,8,9,2,0.222222222,943,899,39.49,200000,5.301029996,1447,5.665743842,0.002157811,22.16666667,60,13,0.216666667,113746,2.079441542,0,38.97504287,-77.02279493,-0.653212514
Johnson Middle School,8,8,1,0.125,619,679,37.59,22188,4.346118157,1291,6.668919904,0.001925179,22.64705882,34,0,0,55356,2.079441542,0,38.85133691,-76.98370368,-0.903089987
McKinley Middle and High School,8,8,1,0.125,1007,781,14.14,153897,5.187230154,1456,5.487722034,0.002171232,20.58823529,68,10,0.147058824,191030,2.079441542,0,38.91522012,-77.00412244,-0.903089987
River Terrace Education Campus,8,8,1,0.125,621,677,22.02,78472,4.894714722,1139,3.388590265,0.001698512,21.625,40,4,0.1,98975,2.079441542,1,38.8952415,-76.95896387,-0.903089987
Thomas Elementary School,8,9,1,0.111111111,548,588,33.44,39276,4.594127251,2035,0.956725033,0.003034655,20,33,0,0,,2.079441542,0,38.90127897,-76.95211091,-0.95424251
AppleTree Early Learning Center PCS - Lincoln Park,8,9,1,0.111111111,1322,1099,32.04,189750,5.278181785,1799,5.948332151,0.002682724,21.33333333,60,16,0.266666667,104701,2.079441542,0,38.89128825,-76.9903472,-0.95424251
Eliot-Hine Middle School,8,8,0,0,1421,642,18.65,124375,5.094733094,1482,5.691635881,0.002210004,21.1627907,43,10,0.23255814,165357,2.079441542,0,38.89243149,-76.97897792,-4
The SEED PCS of Washington DC,9,10,3,0.3,678,539,58.36,58337,4.765944092,631,1.67365088,0.000940967,20.71428571,28,4,0.142857143,35780,2.197224577,0,38.88741665,-76.94670567,-0.522878745
C.W. Harris Elementary School,9,9,1,0.111111111,907,706,25.62,106235,5.026267622,1517,8.194545864,0.002262197,20.28301887,53,6,0.113207547,77458,2.197224577,1,38.88359883,-76.9261155,-0.95424251
Brent Elementary School,9,10,1,0.1,1447,929,27.81,126646,5.102591478,1648,4.528938033,0.002457548,20.33783784,74,6,0.081081081,69304,2.197224577,0,38.88480121,-77.00145985,-1
E.L. Haynes PCS - Elementary and High School,9,9,0,0,1396,949,29.27,137083,5.1369836,1164,5.44337755,0.001735793,21.19565217,92,27,0.293478261,220813,2.197224577,0,38.94519,-77.02258853,-4
AppleTree Early Learning Center PCS - Parklands at THEARC,10,12,4,0.333333333,1494,455,28.52,39409,4.595595415,1538,1.646371968,0.002293513,20.55555556,36,6,0.166666667,60315,2.302585093,0,38.83896731,-76.99195886,-0.477121255
KIPP DC - Legacy College Preparatory PCS,10,11,1,0.090909091,995,521,31.91,14827,4.171053288,1814,4.133995692,0.002705093,20.46875,32,4,0.125,22579,2.302585093,0,38.832113,-76.99474,-1.041392685
Randle Highlands Elementary School,11,11,4,0.363636364,962,637,61.54,59524,4.774692108,907,2.385806597,0.001352546,21.2,50,9,0.18,125895,2.397895273,0,38.87009174,-76.96435628,-0.439332693
DC Scholars PCS,11,11,3,0.272727273,1165,583,27.42,123889,5.093032747,982,4.544175572,0.001464389,20.81395349,43,6,0.139534884,40585,2.397895273,0,38.8894779,-76.9217437,-0.56427143
Cesar Chavez PCS for Public Policy,11,13,2,0.153846154,708,536,16.96,39276,4.594127251,2035,0.956725033,0.003034655,20,36,0,0,,2.397895273,0,38.902099,-76.949181,-0.812913356
Sela PCS,11,13,2,0.153846154,737,607,26.51,219185,5.34081083,1561,3.283019151,0.002327811,21.42857143,56,16,0.285714286,186911,2.397895273,1,38.9638669,-77.00736468,-0.812913356
Powell Elementary School,11,12,1,0.083333333,1186,1057,23.85,221750,5.345863629,1452,4.764508679,0.002165267,23.60465116,43,22,0.511627907,205505,2.397895273,1,38.94153434,-77.03122742,-1.079181248
Brookland Middle School,11,11,0,0,1259,760,24.56,153125,5.185046102,1874,3.818373356,0.002794567,22.03947368,76,31,0.407894737,258173,2.397895273,0,38.938476,-76.991059,-4
Kingsman Academy PCS,11,13,0,0,1576,851,22.73,188386,5.275048625,1762,10.95066933,0.002627549,20.88709677,62,2,0.032258065,49491,2.397895273,0,38.89561265,-76.98632189,-4
Eagle Academy PCS - Congress Heights,12,14,5,0.357142857,1466,546,27.54,48324,4.684162876,1951,5.46612813,0.002909391,20.81395349,43,6,0.139534884,70901,2.48490665,0,38.84023645,-76.99270504,-0.447158032
DC Prep PCS - Benning ,12,12,4,0.333333333,684,615,32.27,58977,4.770682677,1600,6.33744798,0.002385969,21.57894737,19,3,0.157894737,37851,2.48490665,0,38.8907012,-76.9448276,-0.477121255
Burrville Elementary School,12,14,4,0.285714286,925,563,24.22,84107,4.924832142,1096,3.990028423,0.001634389,21.84210526,57,8,0.140350877,81238,2.48490665,1,38.90056577,-76.92445918,-0.544068044
"KIPP DC - KEY Academy PCS, KIPP DC - LEAP Academy PCS, and KIPP DC - Promise Academy PCS",12,12,2,0.166666667,936,537,40.81,65938,4.81913577,2056,6.520704413,0.003065971,20,34,6,0.176470588,79890,2.48490665,0,38.88260965,-76.93429197,-0.77815125
Center City PCS - Trinidad,12,13,2,0.153846154,829,995,13.3,80880,4.907841143,2297,6.284459087,0.003425357,21.80851064,47,22,0.468085106,212033,2.48490665,0,38.9052736,-76.9911646,-0.812913356
Wheatley Education Campus,12,12,0,0,1196,973,22.61,118681,5.074381197,1199,6.621335131,0.001787986,21.58730159,63,18,0.285714286,199490,2.48490665,0,38.90411774,-76.98850077,-4
Kimball Elementary School,13,13,2,0.153846154,643,824,46.98,47823,4.679636817,1546,2.071449525,0.002305443,20,33,6,0.181818182,59196,2.564949357,0,38.883303,-76.957178,-0.812913356
Beers Elementary School,13,14,2,0.142857143,814,768,53.01,67500,4.829303773,550,2.34154872,0.000820177,23.42857143,35,14,0.4,174635,2.564949357,0,38.86434984,-76.95560475,-0.84509804
Achievement Preparatory Academy PCS - Wahler Place Elementary School and Digital Pioneers Academy PCS - Johenning/Lower School,13,14,2,0.142857143,1113,449,31.91,14827,4.171053288,1814,4.133995692,0.002705093,20.13157895,38,9,0.236842105,66866,2.564949357,1,38.83457415,-76.99284113,-0.84509804
Nalle Elementary School,13,13,1,0.076923077,1069,599,25.84,81066,4.908838744,978,4.565498422,0.001458424,20.18181818,55,1,0.018181818,23046,2.564949357,0,38.88595442,-76.93079651,-1.113943352
Breakthrough Montessori PCS,13,13,1,0.076923077,731,676,30.15,98825,4.994866823,1850,3.830461356,0.002758777,20.98214286,56,9,0.160714286,106190,2.564949357,0,38.97287376,-77.0149552,-1.113943352
KIPP DC - College Preparatory PCS,13,13,1,0.076923077,183,669,13.3,80880,4.907841143,2297,6.284459087,0.003425357,23,10,4,0.4,71687,2.564949357,0,38.90962774,-76.99557766,-1.113943352
Rocketship PCS - Rise Academy,13,13,1,0.076923077,514,552,38.4,58496,4.76712617,766,2.219796394,0.001142283,20.51724138,29,0,0,,2.564949357,0,38.85575595,-76.97452799,-1.113943352
Jackson-Reed High School (formerly Wilson HS),13,14,1,0.071428571,947,878,32.9,250001,5.397941746,1499,2.435963321,0.002235355,23.79032258,62,18,0.290322581,174069,2.564949357,0,38.95015672,-77.0777757,-1.146128038
Academy of Hope Adult PCS,13,14,1,0.071428571,623,502,44.73,58704,4.768667694,1709,0.439307373,0.002548513,21.12244898,49,1,0.020408163,114189,2.564949357,0,38.9207541,-76.97773896,-1.146128038
Hope Community PCS - Tolson,13,14,1,0.071428571,811,638,23.46,71250,4.852784869,912,6.529034337,0.001360003,21.12068966,58,7,0.120689655,32778,2.564949357,0,38.927,-76.9946,-1.146128038
LaSalle-Backus Elementary School,13,15,1,0.066666667,956,715,18.9,84459,4.926645935,1650,5.891308306,0.002460531,21.45454545,55,12,0.218181818,87302,2.564949357,0,38.95997214,-76.99988254,-1.176091257
Elsie Whitlow Stokes Community Freedom PCS - Brookland,13,13,0,0,923,687,24.56,153125,5.185046102,1874,3.818373356,0.002794567,22.06896552,58,21,0.362068966,181139,2.564949357,0,38.9349059,-76.99018457,-4
Harmony DC PCS - School of Excellence,14,15,2,0.133333333,1007,949,14.14,153897,5.187230154,1456,5.487722034,0.002171232,20.6,50,14,0.28,239388,2.63905733,0,38.91601,-77.0066729,-0.875061264
Amidon-Bowen Elementary School,14,15,1,0.066666667,986,919,10.07,91681,4.962279342,1138,18.58693178,0.001697021,20.95744681,47,23,0.489361702,191545,2.63905733,0,38.8795154,-77.0181253,-1.176091257
Patterson Elementary School,14,16,1,0.0625,1164,802,42.44,42500,4.62838893,1703,12.93258999,0.002539566,21.66666667,27,0,0,22820,2.63905733,0,38.82696636,-77.00848471,-1.204119983
"KIPP DC - AIM Academy PCS, KIPP DC - Heights Academy PCS, and KIPP DC - Discover Academy PCS",14,14,0,0,492,473,22.85,52404,4.719364438,1829,10.55533063,0.002727461,20.60606061,33,0,0,93060,2.63905733,1,38.8563243,-76.9891329,-4
Washington Latin PCS - The Anna Julia Cooper Middle School,14,14,0,0,674,626,25.59,105833,5.024621107,1762,4.492627197,0.002627549,21.2244898,49,6,0.12244898,65636,2.63905733,0,38.92520475,-76.99524259,-4
Two Rivers PCS - Young Elementary School,15,18,4,0.222222222,563,826,16.28,51583,4.712506597,1800,20.99036127,0.002684215,23,20,5,0.25,147282,2.708050201,0,38.90086085,-76.97126631,-0.653212514
Moten Elementary School,15,15,2,0.133333333,573,703,43.27,58496,4.76712617,766,2.219796394,0.001142283,22.55102041,49,0,0,55456,2.708050201,0,38.856656,-76.98294368,-0.875061264
Bridges and Briya PCS,15,17,2,0.117647059,498,865,30.17,75673,4.878940952,1686,4.363011109,0.002514215,22.22222222,27,8,0.296296296,92904,2.708050201,0,38.952455,-77.007669,-0.929418925
Lee Montessori PCS - Brookland,15,17,2,0.117647059,642,639,23.46,71250,4.852784869,912,6.529034337,0.001360003,21.78571429,42,10,0.238095238,85874,2.708050201,0,38.9280398,-76.9988644,-0.929418925
Kramer Middle School,15,18,2,0.111111111,1173,700,14.21,78600,4.895422546,812,1.184155419,0.001210879,20.16666667,60,8,0.133333333,66281,2.708050201,0,38.8712864,-76.9801713,-0.95424251
Watkins Elementary School,15,18,1,0.055555556,1251,1000,26.62,144857,5.160939487,1740,7.118945538,0.002594742,21.28787879,66,11,0.166666667,131599,2.708050201,0,38.88346701,-76.98999677,-1.255272502
Luke C. Moore High School,15,16,0,0,833,649,33.34,165714,5.2193592,1231,3.287448513,0.001835705,21.58730159,63,22,0.349206349,180951,2.708050201,0,38.93227638,-76.99231633,-4
DC Prep PCS - Edgewood,15,15,0,0,588,621,25.59,105833,5.024621107,1762,4.492627197,0.002627549,21.44444444,45,8,0.177777778,113601,2.708050201,0,38.9242237,-76.99577432,-4
"KIPP DC - Honor Academy PCS, KIPP DC - Inspire Academy PCS, and KIPP DC - Pride Academy PCS",16,18,6,0.333333333,1021,708,27.54,48324,4.684162876,1951,5.46612813,0.002909391,21.41509434,53,14,0.264150943,184555,2.772588722,0,38.8417368,-76.9940597,-0.477121255
Peabody Elementary School,16,18,2,0.111111111,1265,931,22.8,113125,5.053558592,561,9.046179905,0.00083658,21.10294118,68,22,0.323529412,155400,2.772588722,0,38.89289632,-76.99985799,-0.95424251
Washington Leadership Academy PCS,16,18,2,0.111111111,673,622,23.46,71250,4.852784869,912,6.529034337,0.001360003,21.66666667,42,9,0.214285714,69999,2.772588722,0,38.9278646,-76.9986698,-0.95424251
Hendley Elementary School,16,16,1,0.0625,923,486,24.68,36508,4.562388042,1226,5.114187443,0.001828249,22.32142857,28,4,0.142857143,29621,2.772588722,0,38.82898591,-76.99918485,-1.204119983
Social Justice PCS and Rocketship PCS - Rise Academy,17,19,2,0.105263158,460,582,30.17,75673,4.878940952,1686,4.363011109,0.002514215,21.60714286,28,9,0.321428571,85898,2.833213344,0,38.95452825,-77.00265905,-0.977723605
Janney Elementary School,17,18,0,0,1024,872,46.26,239451,5.379216655,1379,1.975009013,0.002056407,23.17073171,82,25,0.304878049,343683,2.833213344,1,38.94755042,-77.08099483,-4
MacFarland Middle School,18,18,3,0.166666667,1368,994,23.85,221750,5.345863629,1452,4.764508679,0.002165267,23.27272727,55,19,0.345454545,224117,2.890371758,0,38.94360856,-77.02777641,-0.77815125
Roosevelt High School,18,18,3,0.166666667,1379,1044,23.85,221750,5.345863629,1452,4.764508679,0.002165267,23.61111111,54,26,0.481481481,284486,2.890371758,0,38.943029,-77.029197,-0.77815125
Langley Elementary School,18,19,2,0.105263158,1095,913,14.14,153897,5.187230154,1456,5.487722034,0.002171232,20.38461538,65,14,0.215384615,237508,2.890371758,1,38.91516879,-77.00588662,-0.977723605
Plummer Elementary School,18,19,2,0.105263158,690,712,58.36,58337,4.765944092,631,1.67365088,0.000940967,21.96428571,28,9,0.321428571,143866,2.890371758,1,38.8872402,-76.93993468,-0.977723605
Bancroft Elementary School,18,22,2,0.090909091,704,1092,70.59,124509,5.095200745,1216,4.966138214,0.001813337,20.65789474,38,4,0.105263158,71116,2.890371758,0,38.934318,-77.040553,-1.041392685
Howard University Middle School of Mathematics and Science PCS,18,18,1,0.055555556,422,620,13.59,,,0,0,0,21.07142857,14,6,0.428571429,65679,2.890371758,0,38.92277543,-77.01857503,-1.255272502
Noyes Elementary School,18,19,1,0.052631579,837,754,25.59,105833,5.024621107,1762,4.492627197,0.002627549,22,50,19,0.38,162128,2.890371758,0,38.92517798,-76.99184288,-1.278753601
Lee Montessori PCS - East End,19,22,6,0.272727273,1061,731,31.18,200000,5.301029996,789,6.717109974,0.001176581,20.78571429,70,14,0.2,91607,2.944438979,1,38.8692547,-76.97254875,-0.56427143
Ingenuity Prep PCS,19,21,4,0.19047619,840,490,28.87,33241,4.52167408,1488,4.894268814,0.002218951,23.125,24,3,0.125,51835,2.944438979,0,38.8240184,-77.00335158,-0.720159304
Statesmen College Preparatory Academy for Boys PCS,19,21,4,0.19047619,840,490,28.87,33241,4.52167408,1488,4.894268814,0.002218951,23.125,24,3,0.125,51835,2.944438979,0,38.8240184,-77.00335158,-0.720159304
Friendship PCS - Chamberlain ,19,23,4,0.173913043,1050,1084,23.43,46066,4.663380503,1799,15.09633412,0.002682724,21.55555556,45,8,0.177777778,172005,2.944438979,1,38.8793973,-76.98675056,-0.759667846
Murch Elementary School,19,20,3,0.15,1063,1298,55.02,96915,4.986391,2152,11.39838312,0.003209129,24.28571429,63,23,0.365079365,322461,2.944438979,0,38.952934,-77.070079,-0.823908741
Hardy Middle School and Filmore Arts Center (West),19,20,2,0.1,1121,699,34.73,190313,5.279468455,1199,4.790875089,0.001787986,22.02380952,42,10,0.238095238,142865,2.944438979,1,38.91550903,-77.0686139,-1
Richard Wright PCS for Journalism and Media Arts,21,21,4,0.19047619,675,910,21.36,,,0,0,0,20.1,50,16,0.32,167633,3.044522438,0,38.88413535,-77.01880849,-0.720159304
Roots PCS,21,22,4,0.181818182,1110,798,28.52,129750,5.113107367,926,5.525530903,0.00138088,21.50684932,73,20,0.273972603,247675,3.044522438,0,38.9568634,-77.0103096,-0.740362689
"KIPP DC - Connect Academy PCS, KIPP DC - Northeast Academy PCS, and KIPP DC - Spring Academy PCS",21,23,4,0.173913043,731,492,13.69,95123,4.978285539,1587,2.314697346,0.002366583,22.30769231,39,11,0.282051282,186268,3.044522438,0,38.9079851,-76.9812931,-0.759667846
Bard High School Early College DC,21,24,4,0.166666667,598,676,55.17,12500,4.096910013,951,9.008915562,0.001418161,20.5952381,42,4,0.095238095,51568,3.044522438,0,38.844979,-76.986147,-0.77815125
DC Prep PCS - Anacostia Middle School,21,21,2,0.095238095,538,633,43.27,58496,4.76712617,766,2.219796394,0.001142283,20.88888889,45,0,0,81932,3.044522438,0,38.8567749,-76.9854768,-1.0211893
Digital Pioneers Academy PCS - Capitol Hill/Upper School,21,26,2,0.076923077,1115,905,23.43,46066,4.663380503,1799,15.09633412,0.002682724,21.63461538,52,16,0.307692308,205955,3.044522438,0,38.88070355,-76.99065459,-1.113943352
Duke Ellington School of the Arts,21,22,1,0.045454545,1355,732,32.86,250001,5.397941746,920,5.383580751,0.001371932,21.63636364,55,11,0.2,139144,3.044522438,0,38.913446,-77.070308,-1.342422685
Smothers Elementary School,21,21,0,0,1033,679,30.29,12500,4.096910013,388,2.150453255,0.000578598,21.57894737,57,6,0.105263158,130467,3.044522438,0,38.89355404,-76.93846864,-4
Jefferson Middle School Academy,22,23,2,0.086956522,721,875,10.07,91681,4.962279342,1138,18.58693178,0.001697021,21.40625,32,11,0.34375,137635,3.091042453,1,38.87987093,-77.02291066,-1.060697839
AppleTree Early Learning Center PCS - Southwest,23,25,5,0.2,685,815,21.36,,,0,0,0,20.1,50,16,0.32,202443,3.135494216,0,38.88457546,-77.01857354,-0.698970004
John Francis Education Campus,23,23,2,0.086956522,935,758,30.48,168705,5.227127954,1097,5.470681177,0.00163588,20.44444444,45,14,0.311111111,58314,3.135494216,0,38.9074695,-77.052321,-1.060697839
Washington Global PCS,24,26,5,0.192307692,664,925,21.36,,#NUM!,0,0,0,20.38461538,52,18,0.346153846,223356,3.17805383,0,38.88411835,-77.01954295,-0.716003344
Washington Latin PCS,24,24,4,0.166666667,1160,771,22.63,200000,5.301029996,559,4.335705091,0.000833598,21.36363636,66,19,0.287878788,177819,3.17805383,0,38.95400885,-77.01401711,-0.77815125
DC Bilingual PCS,24,25,2,0.08,871,845,26.43,81801,4.912758613,1171,8.622642718,0.001746231,21.53846154,52,13,0.25,192994,3.17805383,0,38.954939,-77.008938,-1.096910013
Excel Academy,25,26,3,0.115384615,528,631,24.05,45822,4.661074041,116,0.095031862,0.000172983,21.25,32,5,0.15625,108006,3.218875825,0,38.859762,-76.995355,-0.937852095
Capital Village PCS,25,25,1,0.04,513,652,14.01,23804,4.376649942,2537,13.71987251,0.003783253,21.66666667,39,8,0.205128205,123959,3.218875825,0,38.9236,-76.9959,-1.397940009
Van Ness Elementary School,26,28,6,0.214285714,903,511,8.39,169855,5.230078336,1398,7.93038057,0.002084741,20.51948052,77,12,0.155844156,145800,3.258096538,1,38.87679645,-76.999244,-0.669006782
Stuart-Hobson Middle School,26,28,4,0.142857143,1446,820,24.2,197857,5.29635142,1273,7.722203804,0.001898337,21.03448276,58,10,0.172413793,121765,3.258096538,0,38.8962977,-77.00000438,-0.84509804
Community College Preparatory Academy PCS,26,31,4,0.129032258,527,555,24.05,45822,4.661074041,116,0.095031862,0.000172983,20.91836735,49,8,0.163265306,120112,3.258096538,0,38.8627366,-76.9926137,-0.889301703
H.D. Cooke Elementary School,26,26,2,0.076923077,1080,832,11.15,165500,5.218797998,1097,16.99306698,0.00163588,21.98412698,63,21,0.333333333,298973,3.258096538,0,38.92394309,-77.03881058,-1.113943352
Paul PCS,26,28,1,0.035714286,1297,781,26.12,102750,5.011781831,1073,4.823302673,0.001600091,21.28378378,74,12,0.162162162,202379,3.258096538,0,38.9613651,-77.0247231,-1.447158031
Savoy Elementary School,27,32,4,0.125,457,588,24.05,45822,4.661074041,116,0.095031862,0.000172983,21.02272727,44,7,0.159090909,123295,3.295836866,0,38.86285199,-76.99360426,-0.903089987
"KIPP DC - Grow Academy PCS, KIPP DC - Lead Academy PCS, and KIPP DC - WILL Academy PCS",27,30,3,0.1,1262,861,19.92,137625,5.138697332,2194,7.38432548,0.00327176,22.61904762,63,23,0.365079365,155354,3.295836866,0,38.9098861,-77.0181173,-1
Anacostia High School,27,32,1,0.03125,1115,667,14.21,78600,4.895422546,812,1.184155419,0.001210879,20.37735849,53,11,0.20754717,68742,3.295836866,0,38.87008406,-76.98307725,-1.505149978
Carlos Rosario International PCS,27,28,0,0,1223,897,19.91,114625,5.059279349,1088,8.663535307,0.001622459,24.3902439,41,21,0.512195122,242359,3.295836866,0,38.9264659,-77.0275583,-4
School Without Walls High School,29,30,8,0.266666667,828,923,16.99,61875,4.791515212,1294,10.50243549,0.001929653,20.69767442,43,21,0.488372093,233457,3.36729583,0,38.89812412,-77.04818647,-0.574031267
Two Rivers PCS - 4th Street,29,30,2,0.066666667,580,691,9.18,89476,4.951706561,926,6.872787104,0.00138088,22.34042553,47,11,0.234042553,138844,3.36729583,0,38.90674035,-77.00022141,-1.176091257
Boone Elementary School,30,31,9,0.290322581,1233,628,31.18,200000,5.301029996,789,6.717109974,0.001176581,20.91666667,60,14,0.233333333,171340,3.401197382,0,38.8725643,-76.97389661,-0.537119184
Monument Academy PCS,30,30,4,0.133333333,1225,786,19.23,103523,5.015036849,1739,6.922825201,0.00259325,21.83823529,68,10,0.147058824,263589,3.401197382,0,38.89667105,-76.97776344,-0.875061264
The Children's Guild DC PCS,30,32,4,0.125,377,433,44.73,58704,4.768667694,1709,0.439307373,0.002548513,22.02702703,37,7,0.189189189,134865,3.401197382,0,38.9207085,-76.9721856,-0.903089987
Thurgood Marshall Academy PCS,31,37,4,0.108108108,525,560,24.05,45822,4.661074041,116,0.095031862,0.000172983,20.90909091,44,6,0.136363636,116723,3.433987204,0,38.86231815,-76.99396992,-0.966141733
Stanton Elementary School,31,34,3,0.088235294,738,775,27.38,31819,4.502686527,3385,11.37149794,0.005047816,21.80555556,36,13,0.361111111,76632,3.433987204,0,38.85927211,-76.96849023,-1.054357663
Oyster-Adams Bilingual School (Adams),32,32,6,0.1875,1270,880,18.6,171811,5.235050966,1641,19.64088574,0.00244711,21.85714286,70,34,0.485714286,450601,3.465735903,0,38.91730954,-77.04437725,-0.726998728
AppleTree Early Learning Center PCS - Douglas Knoll,32,32,6,0.1875,1082,663,38.02,200000,5.301029996,887,6.39042728,0.001322722,21,45,9,0.2,156571,3.465735903,0,38.84876955,-76.97492287,-0.726998728
Shirley Chisholm Elementary School,32,36,5,0.138888889,1198,900,21.43,203269,5.308071151,1076,4.226276388,0.001604564,21.31578947,57,17,0.298245614,214608,3.465735903,0,38.88108436,-76.99204166,-0.857332496
Truesdell Elementary School,32,36,4,0.111111111,1098,914,22.75,200000,5.301029996,666,5.610758526,0.00099316,22.53521127,71,8,0.112676056,142266,3.465735903,0,38.95396869,-77.02507158,-0.95424251
Goodwill Excel Center PCS,32,32,3,0.09375,711,661,17.94,,,0,0,0,20,42,33,0.785714286,389664,3.465735903,0,38.8981466,-77.0411948,-1.028028724
Friendship PCS - Technology Preparatory High School,33,35,6,0.171428571,552,689,31.52,115144,5.061241312,1343,0.307517113,0.002002723,25.95238095,21,10,0.476190476,90248,3.496507561,0,38.84832065,-76.99644783,-0.765916795
Youth Services Center,33,35,5,0.142857143,344,658,13.3,80880,4.907841143,2297,6.284459087,0.003425357,22.14285714,35,14,0.4,224358,3.496507561,0,38.91213959,-76.98858584,-0.84509804
Marie Reed Elementary School,33,33,4,0.121212121,1297,778,24.7,89562,4.952123783,678,16.07266039,0.001011054,21.4516129,62,29,0.467741935,332841,3.496507561,0,38.919112,-77.040822,-0.916453949
School-Within-School,34,37,5,0.135135135,1590,771,20.82,108140,5.033986365,1647,12.08499124,0.002456057,22.58928571,56,9,0.160714286,107661,3.526360525,0,38.89756498,-76.99318304,-0.86923172
Ross Elementary School,34,34,1,0.029411765,1157,944,19.9,94766,4.97665255,1292,13.38743969,0.00192667,21.58333333,60,39,0.65,500932,3.526360525,1,38.91239115,-77.03966214,-1.531478913
Friendship PCS - Collegiate Academy and Global Citizens PCS,35,36,9,0.25,610,582,47.99,36878,4.56676736,2018,4.269265546,0.003009304,23.25,20,5,0.25,59533,3.555348061,0,38.89756975,-76.94552854,-0.602059991
Garfield Elementary School,35,37,6,0.162162162,1079,553,38.4,58496,4.76712617,766,2.219796394,0.001142283,20.44444444,45,7,0.155555556,123593,3.555348061,0,38.85173338,-76.97080478,-0.790050474
Capitol Hill Montessori,35,36,3,0.083333333,983,750,9.18,89476,4.951706561,926,6.872787104,0.00138088,21.14583333,48,13,0.270833333,255516,3.555348061,0,38.89853031,-77.00256647,-1.079181248
Center City PCS - Shaw,35,38,0,0,1048,712,6.78,117500,5.070037867,730,9.290631462,0.001088598,22.55102041,49,17,0.346938776,190069,3.555348061,0,38.90732012,-77.02258476,-4
Hyde-Addison Elementary School,37,39,3,0.076923077,1280,853,26.56,123345,5.091121549,843,5.633366762,0.001257108,21.81818182,66,23,0.348484848,341255,3.610917913,0,38.90802,-77.064538,-1.113943352
Early Childhood Academy PCS,38,41,12,0.292682927,745,597,31.91,14827,4.171053288,1814,4.133995692,0.002705093,20.26315789,38,10,0.263157895,68633,3.63758616,1,38.83152455,-76.99145572,-0.53360261
Military Road Early Learning Center,38,42,2,0.047619048,839,929,28.29,44735,4.650647442,2149,12.39477689,0.003204655,23.18965517,58,23,0.396551724,319101,3.63758616,0,38.962211,-77.032373,-1.322219291
Bruce-Monroe Elementary School @ Park View,39,40,4,0.1,749,870,32.57,,,0,0,0,23.8372093,43,13,0.302325581,214707,3.663561646,0,38.9344141,-77.02118567,-1
Turner Elementary School,40,42,7,0.166666667,964,790,26.42,77750,4.890700398,1491,6.12571423,0.002223425,21.3559322,59,8,0.13559322,185703,3.688879454,1,38.84763644,-76.98031323,-0.77815125
Friendship PCS - Blow Pierce ,40,40,5,0.125,1106,779,19.23,103523,5.015036849,1739,6.922825201,0.00259325,21.9047619,63,8,0.126984127,239939,3.688879454,0,38.8979316,-76.97645007,-0.903089987
AppleTree Early Learning Center PCS - Columbia Heights,40,41,3,0.073170732,987,788,18.41,99489,4.997775066,707,22.10345792,0.0010543,23.22222222,45,30,0.666666667,332011,3.688879454,0,38.9252845,-77.03269385,-1.1356626
Friendship PCS - Southeast Elementary and Middle,41,43,9,0.209302326,707,740,31.52,115144,5.061241312,1343,0.307517113,0.002002723,25.57692308,26,13,0.5,124938,3.713572067,0,38.8475676,-76.99698693,-0.679225945
J.O. Wilson Elementary School,41,47,6,0.127659574,1174,885,9.18,89476,4.951706561,926,6.872787104,0.00138088,22.82894737,76,27,0.355263158,284925,3.713572067,0,38.902758,-76.99658902,-0.893946609
Seaton Elementary School,41,44,3,0.068181818,1385,827,16.33,103043,5.013018494,1878,27.4536495,0.002800531,23.21917808,73,34,0.465753425,436264,3.713572067,0,38.9106187,-77.02488247,-1.166331423
Cardozo Education Campus,41,43,2,0.046511628,1206,756,15.73,141806,5.151694607,1021,6.561307164,0.001522547,22.08333333,48,26,0.541666667,318943,3.713572067,0,38.92217286,-77.02847069,-1.332438459
King Elementary School,42,45,8,0.177777778,933,884,27.54,48324,4.684162876,1951,5.46612813,0.002909391,23,55,20,0.363636364,208177,3.737669618,1,38.84244319,-76.99823899,-0.750122526
DC Prep PCS - Anacostia Elementary School,42,47,6,0.127659574,1068,522,20.58,70313,4.847035628,1265,4.243389029,0.001886407,20.74074074,54,9,0.166666667,45744,3.737669618,0,38.86459295,-76.98471313,-0.893946609
Brightwood Elementary School,43,48,3,0.0625,1060,898,33.35,55697,4.745831803,2638,20.06784462,0.003933867,23.33333333,60,25,0.416666667,335341,3.761200116,0,38.96053573,-77.03068885,-1.204119983
Friendship PCS - Online Academy,43,48,3,0.0625,991,967,33.35,55697,4.745831803,2638,20.06784462,0.003933867,23.39285714,56,24,0.428571429,323227,3.761200116,0,38.9605564,-77.03160813,-1.204119983
Ludlow-Taylor Elementary School,46,50,7,0.14,1584,779,22.9,236728,5.374249629,1148,12.85647583,0.001711933,23.03921569,51,8,0.156862745,120616,3.828641396,0,38.89874414,-76.99649249,-0.853871964
The Family Place PCS,46,52,5,0.096153846,927,781,12.72,200000,5.301029996,2319,16.46273831,0.003458164,22.4137931,58,22,0.379310345,324492,3.828641396,0,38.93191425,-77.03606295,-1.01703334
BASIS DC PCS,46,48,3,0.0625,619,699,6.7,,,0,0,0,20,48,26,0.541666667,364839,3.828641396,0,38.8960193,-77.0229707,-1.204119983
LAYC Career Academy PCS,47,53,6,0.113207547,947,839,12.72,200000,5.301029996,2319,16.46273831,0.003458164,23.15217391,46,21,0.456521739,347610,3.850147602,0,38.93091459,-77.03656031,-0.94612462
Miner Elementary School,47,48,5,0.104166667,1324,726,19.54,107188,5.030146168,1326,10.83347976,0.001977372,21.01851852,54,8,0.148148148,115569,3.850147602,0,38.89737602,-76.98290432,-0.982271232
Stevens Early Learning Center,48,49,4,0.081632653,886,625,7.13,69943,4.844744256,451,0.722105171,0.000672545,21.52173913,46,43,0.934782609,234760,3.871201011,1,38.903163,-77.046832,-1.088136089
Walker-Jones Education Campus,49,52,8,0.153846154,1224,638,12.25,200000,5.301029996,707,41.35040523,0.0010543,21.54545455,55,24,0.436363636,312430,3.891820298,0,38.90419198,-77.01391569,-0.812913356
Benjamin Banneker High School,49,54,6,0.111111111,1351,891,16.33,103043,5.013018494,1878,27.4536495,0.002800531,23.58108108,74,36,0.486486486,454573,3.891820298,0,38.912148,-77.025121,-0.95424251
Ketcham Elementary School,50,57,7,0.122807018,1223,619,20.58,70313,4.847035628,1265,4.243389029,0.001886407,20.57971014,69,14,0.202898551,58809,3.912023005,1,38.86604269,-76.98362116,-0.910776814
YouthBuild PCS,50,56,6,0.107142857,981,821,12.72,200000,5.301029996,2319,16.46273831,0.003458164,23.29545455,44,22,0.5,358195,3.912023005,0,38.93050551,-77.03634773,-0.970036777
The Next Step/El Proximo Paso PCS,51,54,5,0.092592593,1102,828,12.72,200000,5.301029996,2319,16.46273831,0.003458164,23.64583333,48,27,0.5625,379301,3.931825633,0,38.92846245,-77.03577112,-1.033423754
Center City PCS - Brightwood,51,56,5,0.089285714,1047,726,28.29,44735,4.650647442,2149,12.39477689,0.003204655,22.5,72,20,0.277777778,256820,3.931825633,0,38.96289545,-77.02797684,-1.049218024
Columbia Heights Education Campus 6–12 (CHEC),52,55,5,0.090909091,1063,827,12.72,200000,5.301029996,2319,16.46273831,0.003458164,23.47826087,46,24,0.52173913,366604,3.951243719,0,38.92954477,-77.03585831,-1.041392685
E.L. Haynes PCS - Middle School,53,54,5,0.092592593,1093,758,17.81,134063,5.127308934,1648,10.99196173,0.002457548,22.92307692,65,22,0.338461538,339712,3.970291914,0,38.934619,-77.024142,-1.033423754
Raymond Elementary School,54,55,4,0.072727273,1094,794,20.09,134063,5.127308934,1648,10.99196173,0.002457548,22.86764706,68,26,0.382352941,335856,3.988984047,0,38.93581121,-77.02643266,-1.138302697
Friendship PCS - Armstrong ,58,58,10,0.172413793,1246,840,20.15,137625,5.138697332,2194,7.38432548,0.00327176,22.11864407,59,20,0.338983051,423279,4.060443011,1,38.90911075,-77.01294753,-0.763427994
Dunbar High School,61,63,15,0.238095238,1189,805,20.15,137625,5.138697332,2194,7.38432548,0.00327176,21.81818182,55,17,0.309090909,367139,4.110873864,0,38.907627,-77.012691,-0.623249291
Garrison Elementary School,62,64,9,0.140625,1166,863,17.35,176563,5.246899699,1217,8.848292898,0.001814828,22.5,52,24,0.461538462,231023,4.127134385,0,38.91390129,-77.02861256,-0.851937465
Tubman Elementary School,62,65,3,0.046153846,1236,829,17.81,134063,5.127308934,1648,10.99196173,0.002457548,24.13043478,46,26,0.565217391,286224,4.127134385,1,38.92919857,-77.0294433,-1.335792103
Mundo Verde Bilingual PCS - J.F. Cook,66,66,14,0.212121212,1053,875,15.27,140682,5.148238534,959,6.776108104,0.00143009,21.74418605,43,13,0.302325581,363310,4.189654742,0,38.90955658,-77.010455,-0.6734159
Girls Global Academy PCS,70,74,6,0.081081081,730,661,6.7,,,0,0,0,20.21276596,47,26,0.553191489,349871,4.248495242,0,38.89894311,-77.02283026,-1.09108047
Thomson Elementary School,76,79,7,0.088607595,809,717,12.15,,,0,0,0,20.625,56,49,0.875,611373,4.33073334,1,38.90349634,-77.02843003,-1.052529051
Meridian PCS,86,89,15,0.168539326,1064,691,13.17,220799,5.343997102,1361,14.853305,0.002029565,21.56862745,51,28,0.549019608,244628,4.454347296,0,38.91840555,-77.029722,-0.773298747
Garnet-Patterson STAY High School,100,108,13,0.12037037,1197,684,13.17,220799,5.343997102,1361,14.853305,0.002029565,22.1969697,66,29,0.439393939,310333,4.605170186,0,38.918,-77.026,-0.919480405
Cleveland Elementary School,115,128,9,0.0703125,1023,832,17.35,176563,5.246899699,1217,8.848292898,0.001814828,22.86585366,82,42,0.512195122,553834,4.744932128,1,38.91514529,-77.02270718,-1.15296746